,lyrics
위로,"오늘 일 많이 힘들었지?
눈에 써있지만 너는 웃어 보여
지친 어깨 위로 슬픔이 보여
눈에 써있지만 애써 웃어 보여
이리 와 안아줄게
내가 해줄 수 있는 게 있다면
해줄 수 있는 말이 있다면
이제 맛있는 거
먹으러 가자
점점 투정이 늘어
서운함도 늘지만
우리 사랑이 커져서
커져서 그래
이렇게 하루 끝에
너와 내가 만나 마주함에
감사해 감사해지네
너에게 되어줄게
하루 끝에 위로가
너는 내게 기대도 돼
힘이 되어줄게
위로해보지만
오히려 받고 있어
그 밤
모든 게 숨을 멈춘 것 같이 조용한 밤
너에게 못한 말이 있어
What should I do now
내 마음과는 다르게 자꾸
말이 헛나온단 말야
이젠 모르겠다는 말야
그냥 안아줬음 해
점점 투정이 늘어가 미안함도 늘어
널 위해 그저 참아내고 있지만
그걸 전부 아는 것 같은 너의 눈동자
어쩔 수 없어
you’re the only one I love
널 위한 마음 전부 다 모아서
사랑해
내 옆에 있어줘서 고마워
앞에선 표현이 서툴지만
사랑해
I love you forever and ever
너에게 되어줄게
하루 끝에 위로가
너는 내게 기대도 돼
힘이 되어줄게
위로해보지만
오히려 받고 있어
그리고 그려왔던
항상 찾고 헤매던
꿈같은 나날을 선물해 준
그리고 그려왔던
항상 찾고 헤매던
꿈같은 나날을 선물해 준 너"
김세정 - 꽃길 (Prod. By ZICO),"세상이란 게 제법 춥네요
당신의 안에서 살던 때 보다
모자람 없이 주신 사랑이
과분하다 느낄 때쯤
난 어른이 됐죠
한 송이 꽃을 피우려
작은 두 눈에
얼마나 많은 비가 내렸을까
Oh rewind
돌이킬수록 더 미안
포기 안 하려 포기해버린
젊고 아름다운 당신의 계절
여길 봐 예쁘게 피었으니까
바닥에 떨어지더라도
꽃길만 걷게 해줄게요
문득 쳐다본 그 입가에는
미소가 폈지만 주름이 졌죠
내게 인생을 선물해주고
사랑해란 말이
그리도 고마운가요
한 송이 꽃을 피우려
작은 두 눈에
얼마나 많은 비가 내렸을까
oh rewind
돌이킬수록 더 미안
포기 안 하려 포기해버린
젊고 아름다운 당신의 계절
여길 봐 예쁘게 피었으니까
바닥에 떨어지더라도
꽃길만 걷게 해줄게요
겨울이 와도 마음속에
봄 향기가 가득한 건
한결같이 시들지 않는
사랑 때문이죠
oh rewind
짧은 바람 같던 시간
날 품에 안고 흔들림 없는
화분이 되어준 당신의 세월
여길 봐 행복만 남았으니까
다 내려놓고 이 손잡아요
꽃길만 걷게 해줄게요"
방탄소년단 - 둘! 셋! (그래도 좋은 날이 더 많기를),"꽃길만 걷자
그런 말은 난 못해
좋은 것만 보자
그런 말도 난 못해
이제 좋은 일만 있을 거란 말
더는 아프지도 않을 거란 말
그런 말 난 못해
그런 거짓말 못해
너넨 아이돌이니까
안 들어도 구리겠네
너네 가사 맘에 안 들어
안 봐도 비디오네
너넨 힘 없으니 구린 짓
분명히 했을텐데
너네 하는 짓들 보니
조금 있음 망하겠네
Thank you so much
니들의 자격지심
덕분에 고딩 때도 못한 증명 해냈으니
박수 짝짝 그래 계속 쭉 해라 쭉
우린 우리끼리 행복할게
good yeah i’m good
괜찮아 자 하나 둘 셋 하면 잊어
슬픈 기억 모두 지워 내 손을 잡고 웃어
괜찮아 자 하나 둘 셋 하면 잊어
슬픈 기억 모두 지워
서로 손을 잡고 웃어
그래도 좋은 날이 앞으로 많기를
내 말을 믿는다면 하나 둘 셋
믿는다면 하나 둘 셋
그래도 좋은 날이 훨씬 더 많기를
내 말을 믿는다면 하나 둘 셋
믿는다면 하나 둘 셋
하나 둘 셋
하면 모든 것이 바뀌길
더 좋은 날을 위해
우리가 함께이기에
무대 뒤 그림자 속의 나 어둠 속의 나
아픔까지 다 보여주긴 싫었지만
나 아직 너무 서툴렀기에
웃게만 해주고 싶었는데
잘 하고 싶었는데
So thanks
이런 날 믿어줘서
이 눈물과 상처들을 감당해줘서
So thanks
나의 빛이 돼줘서
화양연화의 그 꽃이 돼줘서
괜찮아 자 하나 둘 셋 하면 잊어
슬픈 기억 모두 지워 내 손을 잡고 웃어
괜찮아 자 하나 둘 셋 하면 잊어
슬픈 기억 모두 지워
서로 손을 잡고 웃어
그래도 좋은 날이 앞으로 많기를
내 말을 믿는다면 하나 둘 셋
믿는다면 하나 둘 셋
그래도 좋은 날이 훨씬 더 많기를
내 말을 믿는다면 하나 둘 셋
믿는다면 하나 둘 셋
믿는다면 하나 둘 셋
믿는다면 하나 둘 셋
믿는다면 하나 둘 셋
믿는다면 둘 셋 say
괜찮아 자 하나 둘 셋 하면 잊어
슬픈 기억 모두 지워 내 손을 잡고 웃어
괜찮아 자 하나 둘 셋 하면 잊어
슬픈 기억 모두 지워
서로 손을 잡고 웃어
그래도 좋은 날이 앞으로 많기를
내 말을 믿는다면 하나 둘 셋
믿는다면 하나 둘 셋
그래도 좋은 날이 훨씬 더 많기를
내 말을 믿는다면 하나 둘 셋
믿는다면 하나 둘 셋
괜찮아 자 하나 둘 셋 하면 잊어
슬픈 기억 모두 지워 내 손을 잡고 웃어
괜찮아 자 하나 둘 셋 하면 잊어
슬픈 기억 모두 지워
서로 손을 잡고 웃어"
정승환 - 보통의 하루,"나 말이야
무너지고 있는 것 같아
겨우 지켜내 왔던 많은 시간들이
사라질까 두려워
뚝 뚝
떨어지는 눈물을 막아
또 아무렇지 않은 척
너에게 인사를 건네고
그렇게 오늘도 하루를 시작해
나는 괜찮아
지나갈 거라 여기며
덮어 둔 지난 날들
쌓여가다 보니 익숙해져 버린
쉽게 돌이킬 수 없는 날
그 시작을 잊은 채로
자꾸 멀어지다 보니
말 할 수 없게 됐나 봐
오늘도 보통의 하루가 지나가
너 말이야
슬퍼 울고 있는 거 다 알아
또 아무렇지 않은 척
나에게 인사를 건네고
그렇게 오늘도 하루를 시작해
너는 괜찮니
지나갈 거라 여기며
덮어 둔 지난 날들
쌓여가다 보니 익숙해져 버린
쉽게 돌이킬 수 없는 날
그 시작을 잊은 채로
자꾸 멀어지다 보니
말 할 수 없게 됐나 봐
오늘도 아무 일 없는 듯
보통의 하루가 지나가"
세븐틴 - 바람개비,"너를 기다리다 바라봤어
저기 저기 멀리 어느 샌가
찬바람이 계속 부는 거 같아
아주 작은 바람개비
혼자 서서 그저 멍하니
누군갈 쓸쓸히 애타게
찾는 게 꼭 나 같아
이런저런 일들
숨가쁘게 바쁜
이 뭐 같은 세상 땜에
너와 내가 멀어진 거라 둘러대면
괜히 나는 잘못 없는 것처럼
꾸며내는 것만 같아
그러진 못하고
바람만 맞으며 서있어
먼 훗날 너에게
미안하지 않게
늘 난 기다릴래
그래 그게 더 맘 편해
오는 길을 잃어
오래 걸린대도
돌고 돌아 내게
다시 찾아와주면 돼
먼 훗날이라도
사람들은 다들 겉으로만
바람이 차지 않냐 물어봐
그냥 그렇게 묻곤 지나가서
다 잊어버릴 거면서 왜 물어봐
너에게서
부는 바람 같아서
그저 아무 말없이
기다릴 뿐인데
이런저런 일들
숨가쁘게 바쁜
이 뭐 같은 세상 땜에
너와 내가 멀어진 거라 둘러대면
괜히 나는 잘못 없는 것처럼
꾸며내는 것만 같아
그러진 못하고
바람만 맞으며 서있어
먼 훗날 너에게
미안하지 않게
늘 난 기다릴래
그래 그게 더 맘 편해
오는 길을 잃어
오래 걸린대도
돌고 돌아 내게
다시 찾아와주면 돼
먼 훗날이라도
이 시간은
저 편에 숨어버린 것만 같아
널 데리고
이대로 널 볼 수 없을까
가끔은 안 좋은 생각도 들어 난
네 모습이 잊혀져만 가
그래도 울지마
슬플 거 같지만
희미하게 남아
있는 너를 위해
오는 길을 잃어
오래 걸린대도
돌고 돌아 내게
다시 찾아와주면 돼
먼 훗날이라도"
윤하 (YOUNHA) - 답을 찾지 못한 날,"나는 그래
나는
나는 그래
나는
고요한 밤 하늘에
적막한 내 방안에
한 없이 무너지네
아침에 눈을 뜨면
뭐가 달라질까
밤잠을 설치다가
문득 생각이 나
이토록 약한 내가
무슨 쓸모일까
답을 찾지 못한 날
나는 그래
나는
나는 그래
나는
고요한 밤 하늘에
적막한 내 방안에
한 없이 무너지네
한 번은 이러다간
안될 것 같아서
고개를 들었다가
다시 내 발 끝만
이토록 모자란 난
어떤 쓸모일까
답을 쫓지 못한 날
wooh wooh wooh wooh
wooh wooh wooh wooh wooh wooh
wooh wooh wooh wooh wooh wooh
아침에 눈을 뜨면
뭐가 달라질까
밤잠을 설치다가
문득 생각이 나
이토록 모자란 난
어떤 쓸모일까
답을 찾지 못한 날
아침에 눈을 뜨면
뭐가 달라질까
밤잠을 설치다가
문득 생각이 나
이토록 모자란 난
어떤 쓸모일까
답을 찾지 못한 날
답을 찾지 못한 날"
세븐틴 - 포옹,"몰래 웃고 몰래 울고
내 모습을 숨기면서
버거운 듯 하루를 보내고
오늘도 겉으로는 말 못 한
마음속으로만 되새긴
힘들어
힘들어
힘들어
힘들 때면 나에게로
안겨도 돼 나도 같아
숨기고 숨겨도
가려지지 않는단 걸 알잖아
우리 서로는 웃을 수 있게
미안하지 마
걱정하지 마
무서워하지 마
이젠 울지 마
나에게는 넌
한없이 너무도 소중한 걸
오늘 하루도 힘들었을
너에게 말해줄래
내가 있다고
수고했다고
사랑한다고
꽉 안아준다고
힘들 때면 나에게로
안겨도 돼 나도 같아
숨기고 숨겨도
가려지지 않는단 걸 알잖아
우리 서로는 웃을 수 있게
미안하지 마
걱정하지 마
무서워하지 마
이젠 울지 마
나에게는 넌
한없이 너무도 소중한 걸
오늘 하루도 힘들었을
너에게 말해줄래
내가 있다고
수고했다고
사랑한다고
꽉 안아준다고"
어반자카파 - 혼자,"혼자 하는 말 혼자 자는 밤
혼자 있는 것 혼자 사는 것
그건 내게는 당연한 것
또 너에게는 별일 아닌 것
고단한 몸 소란한 삶
요란한 맘 또 혼자 남은 밤
그건 내게는 당연한 것
또 너에게는 안쓰러운 것
혼자가 편하다는 내 말은
언제부터 거짓말이
되었는지 모르겠어
자꾸 나를 위로해
나는 정말 괜찮아
말하고 온 밤
여느 때보다 더 외로워져
혼자 하는 말 혼자 자는 밤
혼자 있는 것 혼자 사는 것
그건 내게는 당연한 것
또 너에게는 별일 아닌 것
고단한 몸 소란한 삶
요란한 맘 또 혼자 남은 밤
그건 내게는 당연한 것
또 너에게는 안쓰러운 것
혼자 걷는 밤
혼자 하는 약속
혼자 깊은 새벽
혼자 오는 아침
혼자 걷는 밤
혼자 하는 약속
혼자 깊은 새벽
혼자 오는 아침
빛나네
말해
나는 사실 불편해
나를 보는 시선
도저히 익숙해지질 않아
혼자 하는 말 혼자 자는 밤
혼자 있는 것 혼자 사는 것
그건 내게는 당연한 것
또 너에게는 별일 아닌 것
고단한 몸 소란한 삶
요란한 맘 또 혼자 남은 밤
그건 내게는 당연한 것
또 너에게는 안쓰러운 것
혼자 걷는 밤
혼자 하는 약속
혼자 깊은 새벽
혼자 오는 아침
혼자 걷는 밤
혼자 하는 약속
혼자 깊은 새벽
혼자 오는 아침
빛나네"
아이유 - 아이와 나의 바다,"그러나 시간이 지나도
아물지 않는 일들이 있지
내가 날 온전히 사랑하지 못해서
맘이 가난한 밤이야

거울 속에 마주친 얼굴이 어색해서
습관처럼 조용히 눈을 감아
밤이 되면 서둘러 내일로 가고 싶어
수많은 소원 아래 매일 다른 꿈을 꾸던

아이는 그렇게 오랜 시간
겨우 내가 되려고 아팠던 걸까
쌓이는 하루만큼 더 멀어져
우리는 화해할 수 없을 것 같아
나아지지 않을 것 같아

어린 날 내 맘엔 영원히
가물지 않는 바다가 있었지
이제는 흔적만이 남아 희미한 그곳엔

설렘으로 차오르던 나의 숨소리와
머리 위로 선선히 부는 바람
파도가 되어 어디로든 달려가고 싶어
작은 두려움 아래 천천히 두 눈을 뜨면

세상은 그렇게 모든 순간
내게로 와 눈부신 선물이 되고
숱하게 의심하던 나는 그제야
나에게 대답할 수 있을 것 같아

선 너머에 기억이
나를 부르고 있어
아주 오랜 시간 동안
잊고 있던 목소리에

물결을 거슬러 나 돌아가
내 안의 바다가 태어난 곳으로

휩쓸려 길을 잃어도 자유로와
더이상 날 가두는 어둠에 눈 감지 않아
두 번 다시 날 모른 척 하지 않아

그럼에도 여전히 가끔은
삶에게 지는 날들도 있겠지
또다시 헤매일지라도 돌아오는 길을 알아"
AKMU (악뮤) - 그때 그 아이들은,"지친 꿈을 이끌고 계속 걷다 보니
첫발을 함께 떼어 달려왔던
친구들이 곁에 없다는 걸
어느 순간 깨닫게 되지
함께 이뤄갈까 성공해 다시 보자
지금쯤 현실의 처음을 겪고 있다면
그때완 다른 웃음 짓고 있으려나
그땐 함께 영원할 것만 같았지
어렸던 세상을 걷어내면
비탈지던 저 좁은 길가로 흩어져
화려하고 순수했던 꿈
너의 두 손에 넘쳐 흘렀던 그 한 움큼은
꼭 쥐고 살아가길
나로 시작될 거야 하늘을 날아보자
지금쯤 턱 막힌 장벽에 날개를 숨긴
그때 그 아이들과 우리의 꿈이
그땐 함께 영원할 것만 같았지
어렸던 세상을 걷어내면
비탈지던 저 좁은 길가로 흩어져
화려하고 순수했던 꿈
너의 두 손에 넘쳐 흘렀던 그 한 움큼과
그 두 손 모아 기도했던 시간이
이루어질 수 있도록
그땐 함께 이룰 거라고 믿었지
작은 손과 발로 서로를 잡고
뛰던 세상이 다였던 우리 어린 시절의
간절하고 행복했던 꿈
너의 두 손에 넘쳐 흘렀던 그 한 움큼은
꼭 쥐고 살아가길
서투른 삶 걸음으로 상처를 입고
새로운 만남에 세상이 낯설어도
훗날 모두 이뤄 보일거야
내가 알던 그때 그 아이들은"
스웨덴세탁소 - 답답한 새벽,"답답한 새벽 잠은 안 오고
불안한 생각들이 꼬리를 물고
캄캄한 시간 기댈 곳 도 없는
외롭고 아픈 날들
이젠 늦어버린 숨겨둔 마음
지나친 풍경들에 눈물이 나도
그대로의 내가 참 좋다며 웃던
네가 있길 바라지만
이젠 우연이라도 바래볼 수 밖에
널 바라보기만 해도
난 녹아버릴 것 같아
괜찮냐고 해줘 울지 말라고 해줘
내 손을 잡고 다 잘 될 거라고
말해줘
지우고 싶은 무거운 하루
다가올 내일이 더 두려워져도
그대로의 내가 참 좋다며
웃던 네가 있길 바라지만
이젠 우연이라도 바래볼 수 밖에
널 바라보기만 해도
난 녹아버릴 것 같아
괜찮냐고 해줘 울지 말라고 해줘
내 손을 잡고 다
잘 될 거라고 말해줘
나는 우연이라도 바래볼 수 밖에
널 바라보기만 해도
숨 쉴 수 있을 테니까
겁내지 않을게 도망치지 않을게
내 손을 잡고
잠들 때까지 잠들 때까지만 있어줘"
이소라 - Track 9,"나는 알지도 못한 채 태어나
날 만났고
내가 짓지도 않은
이 이름으로 불렸네
걷고 말하고 배우고 난 후로
난 좀 변했고
나대로 가고 멈추고 풀었네
세상은 어떻게든 나를 화나게 하고
당연한 고독 속에 살게 해
Hey you don't forget
고독하게 만들어 널 다그쳐 살아가
매일 독하게 부족하게
만들어 널 다그쳐 흘러가
나는 알지도 못한 채 이렇게
태어났고
태어난지도 모르게 그렇게
잊혀지겠지
존재하는 게 허무해 울어도
지나면 그 뿐
나대로 가고 멈추고 풀었네
세상은 어떻게든 나를 강하게 하고
평범한 불행 속에 살게 해
Hey you don't forget
고독하게 만들어 널 다그쳐 살아가
매일 독하게 부족하게
만들어 널 다그쳐 흘러가
Hey you don't forget
고독하게 만들어 널 다그쳐 살아가
매일 독하게 부족하게
만들어 널 다그쳐 흘러가
이 하늘 거쳐 지나가는 날 위해"
로시 - Stars,"내 별자리는 상처투성이 자리
내 혈액형은 a b o 또 a b 형
날 들킬까봐 매일 나를 숨겼어
I'm sorry
어떤 사람이 되고 싶었던 걸까
그런 사람이 되면 행복해 질까
내 목소리로 내 마음에 속삭여
all right
길을 잃어버렸니 그럴 수도 있어
사람들의 그림자 뒤 따라가지마
잃어버린 나를 찾아줘
아무것도 아닌 게 내겐 어려워
그냥 하고 싶은 대로 하는 거
울고 싶을 땐 울어버리고
웃고 싶지 않을 때는 웃지 마
밤하늘에다 나를 난 그려봐
내가 만드는 나의 별자리
아무도 지우지 못할
나만의 빛으로
엄마 방에 불빛이 이제 꺼졌어
그 고단했던 하루가 잠들었어
난 왠지 그걸 보고서야
잠이 와 그냥
잘은 모르겠지만 안쓰러운 마음
뭔진 모르겠지만 잘하고 싶은 맘
이 마음이 소중한거야
아무것도 아닌 게 내겐 어려워
그냥 하고 싶은 대로 하는 거
울고 싶을 땐 울어버리고
웃고 싶지 않을 때는 웃지 마
밤하늘에다 나를 난 그려봐
내가 만드는 나의 별자리
아무도 지우지 못할
나만의 빛으로
그 땐 내 잘못인 줄만 알아서
날 야단치고 탓을 하고
그러다 혼자 서러워하고
그러다 잠이 들고
나를 지우고 또 쓰고
그러다 후회하고
아무도 아닌 내가 되고
이제 다시 그런 거 하기 싫어
아무것도 아닌 게 내겐 어려워
누가 내게 말해주면 좋겠어
울고 싶을 땐 울어 버리고
웃고 싶지 않으면 웃지 말라고
밤하늘에서 날 보며 빛나는
내 얘기를 다 아는 별 하나
잘 하고 있는 거라고
매일 내게 말해줘
아무것도 아닌 게 내겐 어려워
그냥 하고 싶은 대로 하는 거
내가 빛날 수 있게
울고 싶을 땐 울어버리고
웃고 싶지 않을 때는 웃지 마
반은 거짓말 절반은 진짜 말
그 사이 어디쯤에 있는 나
잘하고 있는 거라고
말해주고 싶어
꼭 안아주고 싶어"
이별을 배웠어 (Always In My Heart),"너무 고마웠어
너라는 사람 만나
나라는 사람을
항상 웃게 만들었어
우린 사랑을 했었고
우린 사랑을 했었고
고마워 고마워 정말
여기까지 너무 고생했어
부족했던 나를 안아줘서
정말 네가 행복하길 바랄 거 같아
이젠 사랑을 알았고
이젠 사랑을 알았어
너에게 고마워
그저 바라만 보잖아
우린 여기까지잖아
아무 말도 없이 눈물만
한없이 흐르고 있는 널 보면
이젠 사랑을 알았어
이제 이별을 배웠어
Love you Love you
Always in my heart
Always in my heart
시간이 많이 지나
서로 무뎌질 때쯤 우리
한 번만 생각하기로 해요
정말 사랑했던 나는
네가 있어 행복했어
그저 바라만 보잖아
우린 여기까지잖아
아무 말도 없이 눈물만
한없이 흐르고 있는 널 보면
이젠 사랑을 알았어
이제 이별을 배웠어
Love you Love you
Always in my heart
Always in my heart
우리 힘들걸 잘 알지만
문득 두려워져서
마지막 인사를 나누면서
두 눈을 꼭 감고 웃어
이별이 내게 왔잖아
이젠 여기까지잖아
잠시 멍하니 나 서있어
혹시나 돌아올 것만 같아서
이젠 사랑을 알았어
이제 이별을 배웠어
Love you Love you
그저 바라만 보잖아
우린 여기까지잖아
아무 말도 없이 눈물만
한없이 흐르고 있는 널 보면
이젠 사랑을 알았어
이제 이별을 배웠어
Love you Love you
Always in my heart
Always in my heart
Always in my heart
Always in my heart"
이적 - 걱정말아요 그대,"그대여 아무 걱정 하지 말아요
우리 함께 노래 합시다
그대 아픈 기억들 모두 그대여
그대 가슴에 깊이 묻어 버리고
지나간 것은 지나간 대로
그런 의미가 있죠
떠난 이에게 노래 하세요
후회없이 사랑했노라 말해요
그대는 너무 힘든 일이 많았죠
새로움을 잃어 버렸죠
그대 슬픈 얘기들 모두 그대여
그대 탓으로 훌훌 털어 버리고
지나간 것은 지나간 대로
그런 의미가 있죠
우리 다 함께 노래 합시다
후회없이 꿈을 꾸었다 말해요
지나간 것은 지나간 대로
그런 의미가 있죠
우리 다 함께 노래 합시다
후회없이 꿈을 꾸었다 말해요
지나간 것은 지나간 대로
그런 의미가 있죠
우리 다 함께 노래 합시다
후회없이 꿈을 꾸었다 말해요
새로운 꿈을 꾸겠다 말해요"
헤이즈 (Heize) - 내 맘을 볼 수 있나요,"내 맘을 볼 수 있나요
난 그대뿐이에요
그대 뒤에 나 있을게요
한걸음 뒤에서요
그댄 내 마음 모르죠
눈물이 글썽여요
그댈 보면 마음이 아프네요
혼자 하는 사랑은
언젠가 다시 돌아가야 할
그곳을 홀로 걸어가겠죠
그런 내가 슬퍼요
모른척 하는 건가요
그대 곁에 있는 날
힘껏 소리쳐 불러봐도
마음의 소리니까
언젠가 다시 돌아가야 할
그곳을 홀로 걸어가겠죠
그런 내가 슬퍼요
언젠가 다시 돌아가야 할
그곳을 홀로 걸어 돌아가겠죠
이런 내가 아파요
우우우우우
슬픈 마음이 들어요
나는 왜 안되는지
사랑이란 가깝고도 머네요
그대의 마음이란"
어반자카파 - 뜻대로,"자꾸 그런 생각이 들어
노력해도 안된다는 생각
마음처럼 쉬운 게 없고
사람들이 점점 미워지고
뜻대로 되는 일이 없어
지금도 충분히 힘든데
뜻대로 되는 일이 하나도 없어
내가 바라던 나의 모습은
자꾸 그런 생각이 들어
어렸을 땐 이럴 줄 몰랐는데
시간이 가면 갈수록
모든 일이 자신이 없어져
뜻대로 되는 일이 없어
지금도 충분히 힘든데
뜻대로 되는 일이 하나도 없어
내가 바라던 나의 모습은 어디에
뜻대로 되는 일이 없어
지금도 충분히 힘든데
뜻대로 되는 일이 하나도 없어
그토록 내가 바라던 나의 모습은
뜻대로 나 꿈꿔 온대로
언제쯤이면 나 바라던 대로
간절히 바랬던 내 모든 꿈들은
그토록 내가 바라던 나의 모습은
자꾸 그런 생각이 들어
노력해도 안된다는 생각"
아이유 - 마침표,"알고 있었어 무슨 말인지
무슨 마음인지 다 알아
하루 더 딱 하루만 더
미루고 싶었어
그래야겠지 결국 언젠간
제일 어려운 숙제를 해야지
마지막 인사가 이렇게 늦어서 미안
많이 보고 싶지만
널 다시는 만나지 않았음 좋겠어
아파 울지만 다신 너로 인해
웃지 않았음 좋겠어
한 움큼씩 나눴던 진심도
너무 쉬웠던 대답도
못 잊게 사랑한 여러 번의 계절도
안녕 모두 안녕
전부 알 것 같아도 더 이상의
이해는 없었음 좋겠어
묻고 싶지만 끝내 그 대답을
듣지 못했음 좋겠어
변함없이 정직한 두 눈도
약속한 겨울바다도
못 잊게 행복했던 어린 날의 나도
안녕 모두 안녕
안녕 모두"
폴킴 - 너도 아는,"어질러진 책상을 바라보다
변한 것 없이 변해버린 나를 봐
울 수도 없고 웃을 수도 없는
너도 다 아는 그런 맘일 거야
그때 넌 무슨 생각이었을까
잔인하다 해도 모두 말해줘
바보같이 난 좋았던 일만
그런 것밖엔 안 떠올라서
후회한다고 뭐가 달라질까
돌아간다고 뭘 할 수 있을까
버틸 힘도 견딜 힘도 없어
어둑해진 밤하늘 바라보다
쓸쓸하게 날 비추던 달빛과
그 옆에 조용히 빛나던 그 별빛에
취해 난 너를 떠올리며 웃고 있었어
그때 넌 무슨 생각이었을까
잔인하다 해도 모두 말해줘
바보같이 난 좋았던 일만
그런 것밖엔 안 떠올라서
후회한다고 뭐가 달라질까
돌아간다고 뭘 할 수 있을까
버틸 힘도 견딜 힘도 없어
차라리 모진 말로 날
다신 뒤돌아볼 수도 없게
날 밀어내
지나쳐버린 시간을 원망해
붙잡을 수 없단 것도 알지만
다가갈수록 멀어지는 게
모두 내 탓인 것만 같은데
여기서 포기하라고 말해줘
그게 더 나을 거야 지금의 난
버틸 힘도 견딜 힘도 없어
너도 아는 그런 맘인 거야"
박효신 - 숨,"오늘 하루 쉴 숨이
오늘 하루 쉴 곳이
오늘만큼 이렇게 또 한번 살아가
침대 밑에 놓아둔
지난 밤에 꾼 꿈이
지친 맘을 덮으며
눈을 감는다 괜찮아
남들과는 조금은 다른 모양 속에
나 홀로 잠들어
다시 오는 아침에
눈을 뜨면 웃고프다
오늘 같은 밤
이대로 머물러도 될 꿈이라면
바랄 수 없는걸 바라도 된다면
두렵지 않다면 너처럼
오늘 같은 날
마른 줄 알았던
오래된 눈물이 흐르면
잠들지 않는
내 작은 가슴이 숨을 쉰다
끝도 없이 먼 하늘
날아가는 새처럼
뒤돌아 보지 않을래
이 길 너머 어딘가 봄이
힘없이 멈춰있던
세상에 비가 내리고
다시 자라난 오늘
그 하루를 살아
오늘 같은 밤
이대로 머물러도 될 꿈이라면
바랄 수 없는걸 바라도 된다면
두렵지 않다면 너처럼
오늘 같은 날
마른 줄 알았던
오래된 눈물이 흐르면
잠들지 않는
이 어린 가슴이 숨을 쉰다
고단했던 내 하루가 숨을 쉰다"
우연수 - 아프지 말고 아프지 말자,"혼자여서 외로울 때
너무 깊이
생각하지는 마
보이지 않는
상처에 많이 괴롭더라도
괜찮아 조금씩
나을 테니까
아프지 말고 아프지 말자
네 마음이
더 다치지 않게
아프지 말고 오래
아프지 말자
지금 그대로 넌 잘하고 있어
힘이 들어 돌아가기엔
이미 너무 먼 길을
와버린 걸
알 수가 없는
내일이 불안해도
괜찮아 분명
나아갈 테니까
가끔씩 서러울 땐 말야
쏟아지는 눈물을 참지 마
아무도 널
탓하지 않으니까
아프지 말고 아프지 말자
몸도 맘도
약해지지 않게
아프지 말고 오래
아프지 말자
지금 그대로 참 잘하고 있어
좀처럼 내 맘 같지 않아
때론 실망스러워져
이게 아닌데 난
무너지고 싶을 때에
쓰린 가슴을 다시 펴고
패인 상처 나을 때까지
몇 번이라도
내가 안아줄게
아프지 말고 아프지 말자
니 마음이
너무 다치지 않게
누구보다도 소중한 너이니까
지금처럼 넌 잘하고 있어"
잔나비 - 꿈과 책과 힘과 벽,"해가 뜨고 다시 지는 것에
연연하였던 나의 작은방
텅 빈 마음 노랠 불러봤자
누군가에겐 소음일 테니
꼭 다문 입 그 새로 삐져나온
보잘것없는 나의 한숨에
나 들으라고 내쉰 숨이 더냐
아버지 내게 물으시고
제 발 저려 난 답할 수 없었네
우리는 우리는
어째서
어른이 된 걸까
하루하루가
참 무거운 짐이야
더는 못 갈 거야
꿈과 책과 힘과 벽 사이를
눈치 보기에 바쁜 나날들
소년이여 야망을 가져라
무책임한 격언 따위에
저 바다를 호령하는 거야
어처구니없던 나의 어린 꿈
가질 수 없음을 알게 되던 날
두드러기처럼 돋은 심술이
끝내 그 이름 더럽히고 말았네
우리는 우리는
어째서
어른이 된 걸까
하루하루가
참 무거운 짐이야
더는 못 간대두
멈춰 선 남겨진
날 보면
어떤 맘이 들까
하루하루가
참 무서운 밤인 걸
잘도 버티는 넌
하루하루가
참 무서운 밤인 걸
자고 나면 괜찮아질 거야
하루는 더 어른이 될 테니
무덤덤한 그 눈빛을 기억해
어릴 적 본 그들의 눈을
우린 조금씩 닮아야 할 거야"
아이유 - 무릎,"모두 잠드는 밤에
혼자 우두커니 앉아
다 지나버린 오늘을
보내지 못하고서 깨어있어
누굴 기다리나
아직 할 일이 남아 있었던가
그것도 아니면 돌아가고 싶은
그리운 자리를 떠올리나
무릎을 베고 누우면
나 아주 어릴 적 그랬던 것처럼
머리칼을 넘겨줘요
그 좋은 손길에
까무룩 잠이 들어도
잠시만 그대로 두어요
깨우지 말아요 아주
깊은 잠을 잘 거예요
조용하던 두 눈을
다시 나에게 내리면
나 그때처럼 말갛게
웃어 보일 수 있을까
나 지친 것 같아
이 정도면 오래 버틴 것 같아
그대 있는 곳에 돌아갈 수 있는
지름길이 있다면 좋겠어
무릎을 베고 누우면
나 아주 어릴 적 그랬던 것처럼
머리칼을 넘겨줘요
그 좋은 손길에
까무룩 잠이 들어도
잠시만 그대로 두어요
깨우지 말아요 아주
깊은 잠을 잘 거예요
스르르르륵 스르르
깊은 잠을 잘 거예요
스르르르륵 스르르
깊은 잠을"
Sondia - 어른,"고단한 하루 끝에 떨구는 눈물
난 어디를 향해 가는 걸까
아플 만큼 아팠다 생각했는데
아직도 한참 남은 건가 봐
이 넓은 세상에 혼자인 것처럼
아무도 내 맘을 보려 하지 않고
아무도
눈을 감아 보면
내게 보이는 내 모습
지치지 말고
잠시 멈추라고
갤 것 같지 않던
짙은 나의 어둠은
나를 버리면
모두 갤 거라고
웃는 사람들 틈에 이방인처럼
혼자만 모든 걸 잃은 표정
정신 없이 한참을 뛰었던 걸까
이제는 너무 멀어진 꿈들
이 오랜 슬픔이 그치기는 할까
언젠가 한 번쯤
따스한 햇살이 내릴까
나는 내가 되고
별은 영원히 빛나고
잠들지 않는
꿈을 꾸고 있어
바보 같은 나는
내가 될 수 없단 걸
눈을 뜨고야
그걸 알게 됐죠
나는 내가 되고
별은 영원히 빛나고
잠들지 않는
꿈을 꾸고 있어
바보 같은 나는
내가 될 수 없단 걸
눈을 뜨고야
그걸 알게 됐죠
어떤 날 어떤 시간 어떤 곳에서
나의 작은 세상은 웃어줄까"
혁오 (HYUKOH) - TOMBOY,"난 엄마가 늘 베푼 사랑에 어색해
그래서 그런 건가 늘 어렵다니까
잃기 두려웠던 욕심 속에도
작은 예쁨이 있지
난 지금 행복해 그래서 불안해
폭풍 전 바다는 늘 고요하니까
불이 붙어 빨리 타면 안 되잖아
나는 사랑을 응원해
젊은 우리 나이테는 잘 보이지 않고
찬란한 빛에 눈이 멀어 꺼져가는데
아아아아아
아아아아아
아아아아아아아
아아아아아
아아아아아
아아아아아아아아아
슬픈 어른은 늘 뒷걸음만 치고
미운 스물을 넘긴 넌 지루해 보여
불이 붙어 빨리 타면 안 되니까
우리 사랑을 응원해
젊은 우리 나이테는 잘 보이지 않고
찬란한 빛에 눈이 멀어 꺼져가는데
그래 그때 나는 잘 몰랐었어
우린 다른 점만 닮았고
철이 들어 먼저 떨어져 버린
너와 이젠 나도 닮았네
젊은 우리 나이테는 잘 보이지 않고
찬란한 빛에 눈이 멀어 꺼져가는데
아아아아아
아아아아아
아아아아아아아
아아아아아
아아아아아
아아아아아아아아아"
아이유 - unlucky,"기를 쓰고 사랑해야 하는 건 아냐
하루 정도는 행복하지 않아도 괜찮아
그럼에도 역시 완벽하군 나의 여인 um

여전히 무수한 빈칸들이 있지
끝없이 헤맬 듯해
풀리지 않는 얄미운 숙제들 사이로

마치 하루하루가
잘 짜여진 장난 같아
달릴수록 내게서 달아나

Just life, we’re still good without luck
길을 잃어도 계속 또각또각 또 가볍게 걸어
(Take your time)
There’s no right 실은 모두가 울고 싶을지 몰라
슬퍼지고 싶지 않아서
화내는지도 몰라

여전히 무수한 질문들이 있지
이번에도 틀린 듯해
아주 사소한 토씨 하나의 차이로

마치 하루하루가
삐뚤은 동그라미 같아
도망쳐도 여기로 돌아와

Just life we’re still good without luck
비틀거려도 계속 또박또박 똑바르게 걸어
(Take your time)
There’s no right 때론 모두가 외로운지도 몰라
지워지고 싶지 않아서
악쓰는지도 몰라

(Lalalala la la i love ma days)
I know that life is sometimes so mean
(Lalalala la la i love ma days)
It is true. So I’m trying

난 나의 보폭으로 갈게
불안해 돌아보면서도
별 큰일 없이 지나온 언제나처럼
이번에도 그래 볼게 음

Just life we’re still cool without luck
길을 잃어도 계속 또각또각 또 가볍게 걸어
There’s no right 실은 모두가 모르는지도 몰라
어쩌면 나름대로 더디게 느림보 같은
지금 이대로 괜찮은지도 몰라"
신용재 (2F) - 오늘,"햇살에 떠밀려서 무거운 눈을 들고
어제와 똑같은 오늘을
다시 시작하는 나
거리에 저 사람들
무슨 생각에 걷고 있을까
저마다의 고민 속에 다들 힘들까
해가 떠도 어두워 내 아침은
앞선 걱정에 보이지 않는 길
내가 잘하고 있을까
이게 내 길이 맞을까
되뇌고 되돌려도 풀리지 않는
숱한 생각들
내게 잘하고 있다고
누군가 말해준다면
어제보단 나아질 것만 같아 오늘이
지친 몸을 이끌고 집으로 돌아오는
복잡한 이 거리 위에서
표정없이 걷는 나
시끄러운 소리에 걸음은
바빠져 가는데
깜빡이는 신호등마저 나를 재촉해
해가 지면 괜히 더 외로워져
오늘의 나를 들어줄 사람이 없어
내가 잘하고 있을까
이게 내 길이 맞을까
되뇌고 되돌려도 풀리지 않는
숱한 생각들
내게 잘하고 있다고
누군가 말해준다면
어제보단 나아질 것만 같아 오늘이
괜찮은 듯이 보이지만
혼자 참았던 오늘이
결국 눈물로 끝나버릴 것 같아
나도 더 잘하고 싶어
나도 행복하고 싶어
이런 날 꼭 안아줘
그 누구라도 기대고 싶어
내일은 다를 거라고
누군가 말해준다면
어제보단 나아질 것만 같아 오늘이"
폴킴 - 오늘 밤,"모두 잠든 밤이면
또 어김없이 찾아오네요
우울해지는 밤이죠
그저 멍하니 생각만 해요
혼자인 것만 같은 날이면
눈물이 나요
아마 아쉬움이겠죠
이미 지나온 내 날들에
항상 외롭고 항상 서러워
항상 힘들고 항상 속상해
변해버린 이 내 모습이
익숙지는 않네요
항상 외롭고 항상 서러워
항상 힘들고 또 항상 속상해
내일은 괜찮아질 거야
가득 찬 이 술잔만
내 벗인 것만 같아서
한참을 바라보고
말도 걸어보고 비워내요
항상 외롭고 항상 서러워
항상 힘들고 항상 속상해
변해가는 이 내 모습이
반갑지는 않네요
항상 외롭고 항상 서러워
항상 힘들고 또 항상 속상해
내일은 괜찮아질 거야
또 서러워
항상 힘들고 또 항상 속상해
내일은 괜찮아질 거라 믿을 뿐
나는 오늘도 운다"
볼빨간사춘기 - 나의 사춘기에게,"나는 한때 내가 이 세상에
사라지길 바랬어
온 세상이 너무나 캄캄해
매일 밤을 울던 날
차라리 내가 사라지면
마음이 편할까
모두가 날 바라보는 시선이
너무나 두려워
아름답게 아름답던
그 시절을 난 아파서
사랑 받을 수 없었던
내가 너무나 싫어서
엄마는 아빠는 다
나만 바라보는데
내 마음은 그런 게 아닌데
자꾸만 멀어만 가
어떡해 어떡해 어떡해 어떡해
시간이 약이라는 말이
내게 정말 맞더라고
하루가 지나면 지날수록
더 나아지더라고
근데 가끔은 너무 행복하면
또 아파올까 봐
내가 가진 이 행복들을
누군가가 가져갈까 봐
아름다운 아름답던
그 기억이 난 아파서
아픈 만큼 아파해도
사라지지를 않아서
친구들은 사람들은 다
나만 바라보는데
내 모습은 그런 게 아닌데
자꾸만 멀어만 가
그래도 난 어쩌면
내가 이 세상에
밝은 빛이라도 될까 봐
어쩌면 그 모든 아픔을
내딛고서라도
짧게 빛을 내볼까 봐
포기할 수가 없어
하루도 맘 편히 잠들 수가 없던 내가
이렇게라도 일어서 보려고 하면
내가 날 찾아줄까 봐
아아아아아아아 아아아아아아아
아아아아아아아 아아아아아아아
얼마나 얼마나 아팠을까
얼마나 얼마나 아팠을까
얼마나 얼마나 얼마나 바랬을까"
아이유 - 에필로그,"나를 알게 되어서 기뻤는지
나를 사랑해서 좋았었는지
우릴 위해 불렀던 지나간 노래들이
여전히 위로가 되는지

당신이 이 모든 질문들에
‘그렇다’고 대답해준다면
그것만으로 끄덕이게 되는 나의 삶이란
오, 충분히 의미 있지요

내 맘에 아무 의문이 없어 난
이렇게 흘러가요
어디에도 없지만 어느 곳에나 있겠죠
가능하리라 믿어요

짧지 않은 나와의 기억들이
조금은 당신을 웃게 하는지
삶의 어느 지점에 우리가 함께였음이
여전히 자랑이 되는지

멋쩍은 이 모든 질문들에
‘그렇다’고 대답해준다면
그것만으로 글썽이게 되는 나의 삶이란
오, 모르겠죠 어찌나 바라던 결말인지요

내 맘에 아무 의문이 없어 난
이 다음으로 가요
툭툭 살다보면은 또 만나게 될 거예요
그러리라고 믿어요

이 밤에 아무 미련이 없어 난
깊은 잠에 들어요
어떤 꿈을 꿨는지 들려줄 날 오겠지요
들어줄 거지요?"
잔나비 - 슬픔이여안녕,"이젠 다 잊어 버린 걸
아니 다 잃어 버렸나
답을 쫓아 왔는데
질문을 두고 온거야
돌아서던 길목이었어

집에 돌아가 누우면
나는 어떤 표정 지을까
슬픔은 손 흔들며
오는 건지 가는 건지
저 어디쯤에 서 있을 텐데

“이봐 젊은 친구야
잃어버린 것들은 잃어버린 그 자리에
가끔 뒤 돌아 보면은
슬픔 아는 빛으로 피어-“

나는 나를 미워하고
그런 내가 또 좋아지고
자꾸만 아른대는
행복이란 단어들에
몸서리 친 적도 있어요

“이봐 젊은 친구야
잃어버린 것들은 잃어버린 그 자리에
가끔 뒤 돌아 보면은
슬픔 아는 빛으로 피어“

“저 봐 손을 흔들잖아
슬픔이여 안녕- 우우-“

바람 불었고 눈 비 날렸고
한 계절 꽃도 피웠고 안녕 안녕

구름 하얗고 하늘 파랗고
한 시절 나는 자랐고 안녕 안녕"
김필 - 그때 그 아인,"길었던 하루 그림잔
아직도 아픔을 서성일까
말없이 기다려 보면
쓰러질 듯 내게 와 안기는데
마음에 얹힌 슬픈 기억은
쏟아낸 눈물로는 지울 수 없어
어디서부터 지워야 할까
허탈한 웃음만이
가슴에 박힌 선명한 기억
나를 비웃듯 스쳐 가는 얼굴들
잡힐 듯 멀리 손을 뻗으면
달아나듯 조각난 나의 꿈들만
두 갈래 길을 만난 듯
멍하니 한참을 바라보다
무언가 나를 이끌던
목소리에 한참을 돌아보면
지나온 모든 순간은 어린
슬픔만 간직한 채 커버렸구나
혼자서 잠들었을 그 밤도
아픔을 간직한 채
시간은 벌써 나를 키우고
세상 앞으로 이젠 나가 보라고
어제의 나는 내게 묻겠지
웃을 만큼 행복해진 것 같냐고
아직 허기진 소망이
가득 메워질 때까지
시간은 벌써 나를 키우고
세상 앞으로 이젠 나가 보라고
어제의 나는 내게 묻겠지
웃을 만큼 행복해진 것 같냐고
아주 먼 훗날 그때 그 아인
꿈꿔왔던 모든 걸 가진 거냐고"
아이유 - 이름에게,"꿈에서도 그리운 목소리는
이름 불러도 대답을 하지 않아
글썽이는 그 메아리만 돌아와
그 소리를 나 혼자서 들어
깨어질 듯이 차가워도
이번에는 결코 놓지 않을게
아득히 멀어진 그날의 두 손을
끝없이 길었던
짙고 어두운 밤 사이로
조용히 사라진 네 소원을 알아
오래 기다릴게
반드시 너를 찾을게
보이지 않도록 멀어도
가자 이 새벽이 끝나는 곳으로
어김없이 내 앞에 선 그 아이는
고개 숙여도 기어이 울지 않아
안쓰러워 손을 뻗으면 달아나
텅 빈 허공을 나 혼자 껴안아
에어질 듯이 아파와도
이번에는 결코 잊지 않을게
한참을 외로이 기다린 그 말을
끝없이 길었던
짙고 어두운 밤 사이로
영원히 사라진 네 소원을 알아
오래 기다릴게
반드시 너를 찾을게
보이지 않도록 멀어도
가자 이 새벽이 끝나는 곳
수없이 잃었던
춥고 모진 날 사이로
조용히 잊혀진 네 이름을 알아
멈추지 않을게
몇 번이라도 외칠게
믿을 수 없도록 멀어도
가자 이 새벽이 끝나는 곳으로"
김필 - 다시 산다면,"바람이 날 본다
해저녁 날 본다
고단한 새처럼 날아가지 못한
나의 어깨 거두려
흔적마저 무뎌진 날 위해
타버린 나를 봐
길 잃은 나를 봐
언제라도 볼 수 있는
다가갈 수 있는
사람이라 생각했을 때
모두 사라져버린 텅 빈 날
다시 산다면 지금 내 여긴 어딜까
떠나버리면 잊을 수 있을까
흘러 흘러 날 다시 본다면
외로움마저 그리워질까
그대만이 아는 나의 뒷모습
감출수록 커져버린
미쳐버린 후회만 남았을 때
내 이름 불러 줄 수 있니
다시 산다면 지금 내 여긴 어딜까
떠나버리면 잊을 수 있을까
아플 텐데 더 그리울 텐데
모두 다 소중 할 텐데
다시 산다면 눈물도 말라버릴까
서럽지 못할 지난 날 보내고
혹시라도 늦은 게 아니면
매일매일 다시 사랑 할 텐데
혹시 늦은 게 아니라면"
AKMU (악뮤) - 작은별,"밤 중 어딘가 소녀의
기도 소리가 들려오면
그건 작은 별의 잠꼬대일 거야
밤 중 어딘가 소년의 고백소리가
들려오면
그건 작은 별의 뒤척임일 거야
가끔 밤하늘을 보면
평소에는 보이지 않던 같은 모양의
빛깔이 떠다니지
저게 인공위성일까 별이었으면
좋겠다
눈에 안 보일 뿐이지 별은
사라지지 않아
나이를 먹은 하늘 눈이 침침할
뿐이야
여전히 별은 빛난대
반짝반짝 작은 별님 날 조금만
비춰주세요
이제 어때 좀 봐줄 만은 한가요
동쪽 하늘 서쪽 하늘 둘러보면
모든 하늘은 그렇게
날 향해 있다죠
Please let my star rise on your
night
Please let my star rise on your
night
Please let my star rise on your
night
Please let my star rise on your
night
별님 아름다운 별님 나도 어쩌면
별님처럼 빛이 될 수 있나요
나도 누군가의 별이 될 수 있을까
별님 아름다운 별님 될 수만
있다면 나도 빛을 내어
누군가를 바라보는 작은
별이 되고 싶네요
반짝반짝 작은 별님 날 조금만
비춰주세요
이제 어때 좀 봐줄 만은 한가요
동쪽 하늘 서쪽 하늘 둘러보면
모든 하늘은 그렇게
날 향해 있다죠"
권진아 - 위로,"세상과 다른 눈으로 나를 사랑하는
세상과 다른 맘으로 나를 사랑하는
그런 그대가 나는 정말 좋다
나를 안아주려 하는 그대 그 품이
나를 잠재우고 나를 쉬게 한다
위로하려 하지 않는 그대 모습이
나에게 큰 위로였다
나의 어제에 그대가 있고
나의 오늘에 그대가 있고
나의 내일에 그대가 있다
그댄 나의 미래다
나와 걸어주려 하는 그대 모습이
나를 웃게 하고 나를 쉬게 한다
옆에 있어주려 하는 그대 모습이
나에게 큰 위로였다
나의 어제에 그대가 있고
나의 오늘에 그대가 있고
나의 내일에 그대가 있다
그댄 나의 미래다"
이적 - 그땐 미처 알지 못했지,"그땐 아주 오랜 옛날이었지

난 작고 어리석은 아이였고

열병처럼 사랑에 취해 버리고

심술궂게 그 맘을 내팽개쳤지

내가 버린 건 어떠한 사랑인지

생애 한번 뜨거운 설램인지

두번 다시 또 오지 않는건지

그땐 미처 알지 못했지

오랜 뒤에 나는 알게 되었지

난 작고 어리석었다는 것을

술에 취해 집을 향하던 봄날에

물결처럼 가슴이 일렁거렸지

내가 버린건 어떠한 사랑인지

생애 한번 뜨거운 설렘인지

두번 다시 또 오지 않는건지

그땐 미처 알지 못했지

오 내가 놓아 버린건 어떠한 사랑인지

생애 한번 뜨거운 설렘인지

두번 다시 또 오지 않는건지

그땐 미처 알지 못했지 예예예예예 예-"
"자우림 - 스물다섯, 스물하나","바람에 날려 꽃이 지는 계절엔
아직도 너의 손을 잡은 듯 그런 듯 해
그때는 아직 꽃이 아름다운 걸
지금처럼 사무치게 알지 못했어
우 너의 향기가 바람에 실려 오네
우 영원할 줄 알았던
스물다섯 스물하나
그 날의 바다는 퍽 다정했었지
아직도 나의 손에 잡힐 듯 그런 듯 해
부서지는 햇살 속에 너와 내가 있어
가슴 시리도록 행복한 꿈을 꾸었지
우 그날의 노래가 바람에 실려 오네
우 영원할 줄 알았던
지난날의 너와 나
너의 목소리도 너의 눈동자도
애틋하던 너의 체온마저도
기억해내면 할수록 멀어져 가는데
흩어지는 널 붙잡을 수 없어
바람에 날려 꽃이 지는 계절엔
아직도 너의 손을 잡은 듯 그런 듯 해
그때는 아직 네가 아름다운 걸
지금처럼 사무치게 알지 못했어
우 너의 향기가 바람에 실려 오네
우 영원할 줄 알았던
스물다섯 스물하나
우 그날의 노래가 바람에 실려 오네
우 영원할 줄 알았던
지난날의 너와 나
우
우
우 영원할 줄 알았던
스물다섯 스물하나
스물다섯 스물하나"
정인 - 오르막길,"이제부터 웃음기 사라질거야
가파른 이 길을 좀 봐
그래 오르기 전에
미소를 기억해두자
오랫동안 못 볼 지 몰라
완만했던 우리가 지나온 길엔
달콤한 사랑의 향기
이제 끈적이는 땀
거칠게 내쉬는 숨이
우리 유일한 대화일지 몰라
한걸음 이제 한걸음일 뿐 아득한
저 끝은 보지마 평온했던 길처럼
계속 나를 바라봐줘
그러면 견디겠어
사랑해 이 길 함께 가는 그대
굳이 고된 나를 택한 그대여
가끔 바람이 불 때만 저 먼 풍경을
바라봐 올라온 만큼
아름다운 우리 길
기억해 혹시 우리 손 놓쳐도
절대 당황하고 헤매지 마요
더 이상 오를 곳 없는 그 곳은
넓지 않아서 우린 결국엔 만나
오른다면
한 걸음 이제 한걸음일 뿐
아득한 저 끝은 보지마
평온했던 길처럼
계속 나를 바라봐줘
그러면 난 견디겠어
사랑해 이 길 함께 가는 그대여
굳이 고된 나를 택한 그대여
가끔 바람이 불 때만 저 먼 풍경을
바라봐 올라온 만큼
아름다운 우리 길
기억해 혹시 우리 손 놓쳐도
절대 당황하고 헤매지 마요
더 이상 오를 곳 없는 그 곳은
넓지 않아서 우린 결국엔 만나
크게 소리 쳐 사랑해요 저 끝까지"
백예린 (Yerin Baek) - 한계,"내가 원하는 나의 모습과 네가
필요로 하는 나의 모습이 같지가 않다는 것
잘못된 건 아니지 않나요
미안할 일 아니지 않나요
그런데 왜 또 그렇게 자꾸 날 몰아세우는 건데
도대체 뭐를 더 어떻게 해


난 몇 마디의 말과 몇 번의 손짓에
또 몇 개의 표정과 흐르는 마음에
울고 웃는 그런 나약한 인간일 뿐인데
대체 내게서 뭐를 더 바라나요
내가 줄 수 있는 것 그 이상을
줄 수 없음에 미안해해야 하는 건 이제 그만둘래요


달라졌구나 참 많이도 변했구나
난 여전히 그대론데 넌 달라져 버렸어
근데 혹시 한 번쯤 반대로 생각해 본 적은 없었나요

난 몇 마디의 말과 몇 번의 손짓에
또 몇 개의 표정과 흐르는 마음에
울고 웃는 그런 나약한 인간일 뿐인데
대체 내게서 뭐를 더 바라나요
내가 줄 수 있는 것 그 이상을
줄 수 없음에 미안해해야 하는 건 이제 그만둘래요


빼곡히 들어선 의미라 했지만
나에겐 공허하기만 한
일방성의 무의미함
방랑과 방황의 차이


난 몇 마디의 말과 몇 번의 손짓에
또 몇 개의 표정과 흐르는 마음에
울고 웃는 그런 나약한 인간일 뿐인데
대체 내게서 뭐를 더 바라나요
내가 줄 수 있는 것 그 이상을
줄 수 없음에 미안해해야 하는 건 이제 그만둘래요"
마크툽 (MAKTUB) - 오늘도 빛나는 너에게,"별빛이 내린 밤
그 풍경 속 너와 나
날 새롭게 하는
따뜻하게 만드는
니 눈빛 니 미소
영원히 담아둘게
너로 가득한 맘
널 닮아가는 나
날 위한 선물
꿈보다 더 아름다운
서로의 품에서
끝 없는 밤을 걷자
나의 모든 날들을 다 주고싶어
내 이 맘을 모두 전하고 싶어
잠들지 못한
푸른 바람들
이렇게 밝게 이 밤을 비춰
너와 작은 일상을 함께 하는게
내 가장 큰 기쁨인걸 넌 알까
내 세상 속에
넌 빛이 되어
지금 모습 그대로 내 곁에만
행복이 짙은 날
어둠이 없는 밤
같은 맘 속에
같은 꿈이 피어난 건
우리의 정해진
운명이 맞닿은거야
나의 모든 날들을 다 주고싶어
내 이 맘을 모두 전하고 싶어
잠들지 못한
푸른 바람들
이렇게 밝게 이 밤을 비춰
너와 작은 일상을 함께 하는게
내 가장 큰 기쁨인걸 넌 알까
내 세상 속에
넌 빛이 되어
지금 모습 그대로 내 곁에만
내게 온 너란 빛이 눈 부셔도
네 앞에서 한 순간도 눈 감지 않아
다가올 시간도
계절의 바람도
널 데려가지 못하게
내가 더 좋은 사람이 되고 싶어
더 아름답게 널 안을 수 있게
잠들지 못한
잠들 수 없는
바람들이 널 부르고 있어
언제까지나 너와 함께 할거야
내 마지막 숨결도 너일거야
내 세상 속에
넌 빛이 되어
지금 모습 그대로 내 곁에만
이렇게 밝게 이 밤을 비춰"
선우정아 - 도망가자 (Run With Me),"도망가자
어디든 가야 할 것만 같아
넌 금방이라도 울 것 같아
괜찮아
우리 가자
걱정은 잠시 내려놓고
대신 가볍게 짐을 챙기자
실컷 웃고 다시 돌아오자
거기서는 우리 아무 생각말자
너랑 있을게 이렇게
손 내밀면 내가 잡을게
있을까 두려울 게
어디를 간다 해도
우린 서로를 꼭 붙잡고 있으니
너라서 나는 충분해
나를 봐 눈 맞춰줄래
너의 얼굴 위에 빛이 스며들 때까지
가보자 지금 나랑
도망가자
멀리 안 가도 괜찮을 거야
너와 함께라면 난 다 좋아
너의 맘이 편할 수 있는 곳
그게 어디든지 얘기 해줘
너랑 있을게 이렇게
손 내밀면 내가 잡을게
있을까 두려울 게
어디를 간다 해도
우린 서로를 꼭 붙잡고 있으니
가보는 거야 달려도 볼까
어디로든 어떻게든
내가 옆에 있을게 마음껏 울어도 돼
그 다음에
돌아오자 씩씩하게
지쳐도 돼 내가 안아줄게
괜찮아 좀 느려도 천천히 걸어도
나만은 너랑 갈 거야 어디든
당연해 가자 손잡고
사랑해 눈 맞춰줄래
너의 얼굴 위에 빛이 스며들 때까지
가보자 지금 나랑
도망가자"
잔나비 - 주저하는 연인들을 위해,"나는 읽기 쉬운 마음이야
당신도 스윽 훑고 가셔요
달랠 길 없는 외로운 마음 있지
머물다 가셔요 음
내게 긴 여운을 남겨줘요
사랑을 사랑을 해줘요
할 수 있다면 그럴 수만 있다면
새하얀 빛으로 그댈 비춰 줄게요
그러다 밤이 찾아오면
우리 둘만의 비밀을 새겨요
추억할 그 밤 위에 갈피를 꽂고선
남몰래 펼쳐보아요
나의 자라나는 마음을
못 본 채 꺾어 버릴 순 없네
미련 남길바엔 그리워 아픈 게 나아
서둘러 안겨본 그 품은 따스할 테니
그러다 밤이 찾아오면
우리 둘만의 비밀을 새겨요
추억할 그 밤 위에 갈피를 꽂고선
남몰래 펼쳐보아요
언젠가 또 그날이 온대도
우린 서둘러 뒤돌지 말아요
마주보던 그대로 뒷걸음치면서
서로의 안녕을 보아요
피고 지는 마음을 알아요
다시 돌아온 계절도
난 한 동안 새 활짝 피었다 질래
또 한번 영원히
그럼에도 내 사랑은
또 같은 꿈을 꾸고
그럼에도 꾸던 꿈을
난 또 미루진 않을거야"
잔나비 - 가을밤에 든 생각,"머나먼 별빛 저 별에서도
노랠 부르는 사랑 살겠지
밤이면 오손도손 그리운 것들 모아서
노랠 지어 부르겠지
새까만 밤하늘을 수놓은 별빛마저
불어오는 바람 따라가고
보고픈 그대 생각 짙어져 가는
시월의 아름다운 이 밤에
부르다 보면 어제가 올까
그립던 날이 참 많았는데
저 멀리 반짝이다
아련히 멀어져 가는
너는 작은 별 같아
Farewell Farewell
멀어져 가는
Farewell ooh
새까만 밤하늘을 수놓은 별빛마저
불어오는 바람 따라 가고
보고픈 그대 생각 짙어져 가는
시월의 아름다운 이 밤에
수많은 바람 불어온대도
날려 보내진 않을래
잊혀질까 두려워 곁을 맴도는
시월의 아름다운 이 밤을
기억해 주세요
Farewell Farewell"
10CM - 스토커,"나도 알아 나의 문제가 무엇인지
난 못났고 별 볼 일 없지
그 애가 나를 부끄러워 한다는 게
슬프지만 내가 뭐라고
빛나는 누군갈 좋아하는 일에
기준이 있는 거라면
이해할 수 없지만 할 말 없는걸
난 안경 쓴 샌님이니까
내가 이렇게 사랑하는데
이렇게 원하는데
나는 아무것도 할 수 없고
바라만 보는데도
내가 그렇게 불편할까요
내가 나쁜 걸까요
아마도 내일도 그 애는 뒷모습만
이제 알아 나의 할 일이 무엇인지
다 포기하고 참아야 하지
저 잘 나가는 너의 남자친구처럼
되고 싶지만 불가능하지
빛나는 누군갈 좋아하는 일에
기준이 있는 거라면
이해할 수 없지만 할 말 없는걸
난 안경 쓴 샌님이니까
내가 이렇게 사랑하는데
이렇게 원하는데
나는 아무것도 할 수 없고
바라만 보는데도
내가 그렇게 불편할까요
내가 나쁜 걸까요
아마도 내일도 그 애는
나는 왜 이런 사람 이런 모습이고
이런 사랑을 하고
나는 아무것도 될 수 없고
바라만 보는데도
내가 그렇게 불편하니까
내가 나쁜 거니까
아마도 내일도 그 애는
나도 알아 나의 문제가 무엇인지"
이선희 - 바람꽃,"나 아직 꿈을 꾸죠
밤하늘 희미한 달빛처럼
눈부셨던 기억 속에 그 사람
어렴풋이 생각이 나네요
바람에 흩날리는 꽃잎에
따뜻한 그대 향기를 느끼고
스쳐 지나간 듯한
짧았었던 인연이 이제
내 전부인 걸요
같은 하늘 아래 그대와
함께 있다는 걸
지워질까 두려운 거죠
푸른 바다 수평선까지
걸을 수 있다면
나 그대 손 놓지 않을게
하늘에 수놓아진 별빛에
따뜻한 그대 숨결을 느끼고
운명처럼 그대와
이대로만 이렇게 남아
숨 쉴 수 있다면
같은 하늘 아래 그대와
함께 있다는 걸
지워질까 두려운 거죠
푸른 바다 수평선까지
걸을 수 있다면
나 그대 손 놓지 않을게
같은 하늘 아래 그대와
함께 있다는 걸
지워질까 두려운 거죠
푸른 바다 수평선까지
걸을 수 있다면
나 그대 손 놓지 않을게"
폴킴 - 비,"비가 내리다 말다
우산을 챙길까 말까
tv엔 맑음이라던데
네 마음도 헷갈리나봐
비가 또 내리다 말다
하늘도 우울한가봐
비가 그치고나면
이번엔 내가 울것만같아
Strumming down to my memories
지직거리는 라디오에선
또 뻔한 love song
잊고있던 아픈 설레임
널 생각나게해
우리 걷던 이길위에
흘러나오던 멜로디
흥얼거렸었지 넌 어디있니
하늘은 이렇게 맑은데
비에 젖은 내 마음을
따뜻하게도 비춰주던 너는
나에게 햇살같아
그런널 왜 난 보냈을까
Good bye
So hard to lose but easy to repeat
푹 숙인 얼굴 날 알아봤을까
I'm losing my breathe
잊고 싶던 아픈 기억들
날 더 힘들게해
시간가는 줄도 모르고
나눴던 수많은 밤과 사랑노래
꿈보다 달콤했지
쉽게 포기한건아닌지
우연히널 마주친 순간
내 마음 들킬까봐 뒤돌아섰어
널 잡았다면
그런 널 왜 난 보냈을까
우리 걷던 이길위에
흘러나오던 멜로디
흥얼거렸었지 넌 어디있니
하늘은 이렇게 맑은데
비에 젖은 내 마음을
따뜻하게도 비춰주던 너는
나에게 햇살같아
그런널 왜 난 보냈을까
Good bye"
종현 - 하루의 끝,"손을 뻗어줘 내 목을 감싸줘
좀 더 아래 내 어깰 주물러 줘
지쳐버린 하루 끝
이미 해가 떴어도
난 이제야 눈을 감으니
남들보다 늦게 문을 닫는
나의 하루에
장난스럽게 귓볼을 간지럽히며
하루 종일 다른 세상에
있었어도 우린
항상 하루 끝은 함께 하니까
너의 그 작은 어깨가
너의 그 작은 두 손이
지친 내 하루 끝
포근한 이불이 되고
수고했어요 정말 고생했어요
네게도 내 어깨가
뭉툭한 나의 두 손이
지친 너의 하루 끝
포근한 위로가 되기를
자연스레 너와 숨을 맞추고파
빈틈없이 널 감싸 안는
욕조 속 물처럼
따뜻하게 또 하나도 빈틈없게
서툰 실수가 가득했던
창피한 내 하루 끝엔
너란 자랑거리 날 기다리니
너의 그 작은 어깨가
너의 그 작은 두 손이
지친 내 하루 끝
포근한 이불이 되고
수고했어요 정말 고생했어요
네게도 내 어깨가
뭉툭한 나의 두 손이
지친 너의 하루 끝
포근한 위로가 되기를
자연스레 너와 숨을 맞추고파
맘껏 울 수도
또 맘껏 웃을 수도 없는
지친 하루의 끝
그래도 그대 옆이면
어린아이처럼 칭얼대다
숨 넘어가듯 웃다
나도 어색해진 나를 만나죠
수고했어요 정말 고생했어요
그댄 나의 자랑이죠"
AKMU (악뮤) - 오랜 날 오랜 밤,"별 하나 있고
너 하나 있는
그곳이 내 오랜 밤이었어
사랑해란 말이 머뭇거리어도
거짓은 없었어
넌 화나 있고
참 조용했던
그곳이 내 오랜 밤이었어
어둠 속에서도 잠 이루지 못해
흐느껴오는 너의 목소리
그대 곁이면
그저 곁에서만 있어도
행복했단 걸
그 사실까지 나쁘게
추억 말아요
오랜 날
오랜 밤 동안
정말 사랑했어요
어쩔 수 없었다는 건
말도 안 될 거라 생각하겠지만
밉게 날
기억하지는 말아줄래요
아직도 잘 모르겠어
당신의 흔적이
지울 수 없이 소중해
잘 자요 안녕
그 말 끝으로
흐른 시간은 오랜 날 같았어
우린 서로에게
깊어져 있었고
난 그게 두려워
넌 가만있고
나도 그러했던
순간은 우리 오랜 날
함께한 시간을
아무런 의미도 없듯이
추억만 하게 하겠죠
그대 곁이면
그저 곁에서만 있어도
보고 싶고 또 행복했어
그건 진심이었소
오랜 날
오랜 밤 동안
정말 사랑했어요
어쩔 수 없었다는 건
말도 안 될 거라 생각하겠지만
밉게 날
기억하지는 말아줄래요
아직도 잘 모르겠어
당신의 흔적이
지울 수 없이 소중해
하늘이 참 뿌옇고
맘을 다잡아야 하죠
이젠 마지막 목소리
마지막 안녕
밉게 날
기억하지는 말아줄래요
아직도 잘 모르겠어
당신의 흔적이
지울 수 없이
소중해"
태연 (TAEYEON) - Fine,"찢어진 종잇조각에
담아낸 나의 진심에
선명해져
somethin' bout you
Yeah 나를 많이 닮은 듯 다른
넌 혹시 나와 같을까 지금
괜한 기대를 해
하루 한 달 일 년쯤 되면
서로 다른 일상을 살아가
나는 아니야
쉽지 않을 것 같아
여전하게도 넌 내 하루하루를 채우고
아직은 아니야
바보처럼 되뇌는 나
입가에 맴도는 말을 삼킬 수 없어
It's not fine
Ah Ah Ah Ah It's not fine
머릴 질끈 묶은 채
어지러운 방을 정리해
찾고 있어 somethin' new
가끔 이렇게 감당할 수 없는
뭐라도 해야 할 것만 같은 기분에
괜히 움직이곤 해
하루 한 달 일 년 그쯤이면
웃으며 추억할 거라 했지만
나는 아니야
쉽지 않을 것 같아
여전하게도 넌 내 하루하루를 채우고
아직은 아니야
바보처럼 되뇌는 나
입가에 맴도는 말을 삼킬 수 없어
It's not fine
Ah Ah Ah Ah It's not fine
의미 없는 농담 주고받는 대화
사람들 틈에 난 아무렇지 않아 보여
무딘 척 웃음을 지어 보이며
너란 그늘을 애써 외면해보지만
우리 마지막
그 순간이 자꾸 떠올라
잘 지내란 말이 전부였던 담담한 이별
아직은 아니야
바보처럼 되뇌는 그 말
입가에 맴도는 말을 삼킬 수 없어
It's not fine
Ah Ah Ah It's not fine Oh
Ah Ah Ah It's not fine"
휘인 (Whee In) - 내 눈물 모아,"창밖으로 하나둘씩
불빛이 꺼질 때쯤이면
하늘에 편지를 써
날 떠나 다른 사람에게 갔던
너를 잊을 수 없으니
내 눈물 모아서 하늘에
너의 사랑이 아니라도
네가 나를 찾으면 너의 곁에
키를 낮춰 눕겠다고
잊혀지지 않으므로 널
그저 사랑하겠다고
그대여 난 기다릴 거예요
내 눈물의 편지 하늘에 닿으면
언젠가 그대 돌아오겠죠 내게로
난 믿을 거예요 눈물 모아
너의 사랑이 아니라도
네가 나를 찾으면 너의 곁에
키를 낮춰 눕겠다고
잊혀지지 않으므로 널
그저 사랑하겠다고
그대여 난 기다릴 거예요
내 눈물의 편지 하늘에 닿으면
언젠가 그대 돌아오겠죠 내게로
그대여 난 기다릴 거예요
내 눈물의 편지 하늘에 닿으면
언젠가 그대 돌아오겠죠 내게로
난 믿을 거예요 눈물 모아"
이무진 - 비와 당신,"이젠 당신이 그립지 않죠
보고 싶은 마음도 없죠
사랑한 것도 잊혀 가네요
조용하게
알 수 없는 건 그런 내 맘이
비가 오면 눈물이 나요
아주 오래 전 당신 떠나던
그날처럼
이젠 괜찮은데 사랑 따윈 저버렸는데
바보 같은 난 눈물이 날까
아련해지는 빛 바랜 추억
그 얼마나 사무친 건지
미운 당신을 아직도 나는
그리워하네
이젠 괜찮은데 사랑 따윈 저버렸는데
바보 같은 난 눈물이 날까
다신 안 올 텐데 잊지 못한 내가 싫은데
언제까지나 맘은 아플까"
박효신 - 야생화,"하얗게 피어난 얼음 꽃 하나가
달가운 바람에 얼굴을 내밀어
아무 말 못했던 이름도 몰랐던
지나간 날들에 눈물이 흘러
차가운 바람에 숨어 있다
한줄기 햇살에 몸 녹이다
그렇게 너는 또 한번 내게 온다
좋았던 기억만
그리운 마음만
니가 떠나간 그 길 위에
이렇게 남아 서있다
잊혀질 만큼만
괜찮을 만큼만
눈물 머금고
기다린 떨림 끝에
다시 나를 피우리라
사랑은 피고 또 지는
타버리는 불꽃
빗물에 젖을까 두 눈을 감는다
어리고 작았던 나의 맘에
눈부시게 빛나던 추억 속에
그렇게 너를 또 한번 불러본다
좋았던 기억만
그리운 마음만
니가 떠나간 그 길 위에
이렇게 남아 서있다
잊혀질 만큼만
괜찮을 만큼만
눈물 머금고 기다린 떨림 끝에
다시 나는
메말라가는땅 위에
온몸이 타 들어가고
내 손끝에 남은
너의 향기 흩어져 날아가
멀어져 가는 너의 손을
붙잡지 못해 아프다
살아갈 만큼만
미워했던 만큼만
먼 훗날 너를 데려다 줄
그 봄이 오면 그날에 나 피우리라"
스탠딩 에그 - 오래된 노래,"오래 전에 함께 듣던 노래가
발걸음을 다시 멈춰서게 해
이 거리에서
너를 느낄 수 있어
널 이 곳에서
꼭 다시 만날 것 같아
너 일까봐 한번더 바라보고
너 일까봐 자꾸 돌아보게 돼
어디선가 같은 노래를 듣고
날 생각하며
너 역시 멈춰있을까
오래 전에 함께 듣던 노래가
거리에서 내게
우연히 들려온 것처럼
살아가다 한번쯤
우연히 만날 것 같아
사랑했던 그 모습 그대로
내 사랑이
그대로인 것처럼
발걸음이 여길
찾는 것처럼
꼭 만날꺼야
지금 이 노래처럼
날 사랑하는 네 맘도
같을테니까
오래 전에 함께 듣던 노래가
거리에서 내게
우연히 들려온 것처럼
살아가다 한번쯤
우연히 만날 것 같아
사랑했던 그 모습 그대로
운명처럼 아니면 우연처럼
우리가 다시 예전처럼
만날 수 있다면
너에게 나 해주고 싶은
말이 하나 있어
널 다시는 놓치지 않을게
오래 전에 함께 듣던 노래가
거리에서 내게
우연히 들려온 것처럼
살아가다 한번쯤
우연히 만날 것 같아
사랑했던 그 모습 그대로"
박원 - all of my life,"너무 힘들어 삶에 치이고
되는 것도 없고
가족도 안 보이고
언제부턴가 나도 중요하지 않고
없진 않지만 더 많이 가져야
사랑도 이어갈 수 있는 이 세상에서
all of my life
you are all of my life
그러고 보면 나
너를 만나 참 많이 변했어
꿈이 생기고 네가 가진 꿈도
이뤄주고 싶었어 나 그러려면
더 높은 곳에 올라가야만 했어
더 많은 것들을 가져야 가능했어
다 가질 때쯤
사랑보다 꿈이 더 커졌어
all of my life
내가 힘이 들 때
you are all of my life
네가 날 채웠는데
다른 어떤 걸로 나를 채워봐도
all of my life
you are all of my life
채워지지가 않아
그렇게 우리 바라왔고
간절했던 거잖아
이젠 내방에 가득한데
나도 아무것도 없는
방 안에서 넌 혼자
이렇게 주저앉아 울고 있었니
all of my life
넌 내 전부인데
이 모든 게 다 무슨 소용 있는데
어디선가 이 노랠 듣게 된다면
all of my life
all of my life
네 이야기가 맞아"
"폴킴 - 모든 날, 모든 순간","네가 없이 웃을 수 있을까
생각만 해도 눈물이나
힘든 시간 날 지켜준 사람
이제는 내가 그댈 지킬 테니
너의 품은 항상 따뜻했어
고단했던 나의 하루에
유일한 휴식처
나는 너 하나로 충분해
긴 말 안 해도 눈빛으로 다 아니깐
한 송이의 꽃이 피고 지는
모든 날 모든 순간 함께해
햇살처럼 빛나고 있었지
나를 보는 네 눈빛은
꿈이라고 해도 좋을 만큼
그 모든 순간은 눈부셨다
불안했던 나의 고된 삶에
한줄기 빛처럼 다가와
날 웃게 해준 너
나는 너 하나로 충분해
긴 말 안 해도 눈빛으로 다 아니깐
한 송이의 꽃이 피고 지는
모든 날 모든 순간 함께해
알 수 없는 미래지만
네 품속에 있는 지금 순간 순간이
영원 했으면 해
갈게 바람이 좋은 날에
햇살 눈부신 어떤 날에 너에게로
처음 내게 왔던 그날처럼
모든 날 모든 순간 함께해"
태연 (TAEYEON) - 11:11,"It’s 11:11
오늘이 한 칸이 채
안 남은 그런 시간
우리 소원을 빌며 웃던 그 시간
별 게 다 널 떠오르게 하지
네 맘 끝자락처럼 차가운 바람
창을 열면 온통 네가 불어와
이 시간이 전부 지나고 나면
이별이 끝나 있을까 Yeah
널 다 잊었을까
모든 게 자릴 찾아서 떠나가고
넌 내 모든 걸 갖고서 떠나도
내 맘은 시계 속의 두 바늘처럼
같은 곳을 두고 맴돌기만 해
Na na na na na na na
na na na na na na oh
Na na na na na na na na
I believe I will be over you
달력 안에 있는
오래 전에 약속했던 몇 월의 며칠
너에겐 다 잊혀져 있었다면
내가 지워야지 뭐
지나고 나면 별 거 아니겠지 뭐
모든 게 자릴 찾아서 떠나가고
넌 내 모든 걸 갖고서 떠나도
내 맘은 시계 속의 두 바늘처럼
같은 곳을 두고 맴돌기만 해
Na na na na na na na
na na na na na na oh
Na na na na na na na na
I believe I will be over you
계절 틈에 잠시 피는 낯선 꽃처럼
하루 틈에 걸려 있는 새벽 별처럼
이 모든 건 언젠가는
다 지나가고 말겠지
모든 게 자릴 찾아서 돌아오고
내가 아무 일 없는 듯이 웃게 되면
너의 이름 한 번쯤 부르는 게
지금처럼 아프지 않을 거야
Na na na na na na na
na na na na na na oh
Na na na na na na na na
I believe I will be over you
Na na na na na na na
na na na na na na oh
Na na na na na na na na
I believe I will be over you"
백예린 (Yerin Baek) - Bye bye my blue,"난 왜 니가 가진 것들을
부러워하는 걸까
감당하지도 못할 것들을
손에 꼭 쥐고서
여기서 무얼 얼만큼 더
나아지고픈 걸까
너도 똑같은 거 다 아는데
내가 이기적인 걸까
많이 가져도 난 아직 너 같진 않아
아픈 기억들 위로
매일 혼자 걸어 난
아플걸 알아도
자꾸 마음이 가나 봐
그래서 자꾸 네게 욕심을 내나 봐
나의 나의 나의 그대여
이름만 불러봐도 맘이 벅차요
난 더욱 더욱 더욱 크게 되어
널 가득 안고 싶고 그래요
하고 싶은 말을 하는 게 불안해서
너를 밀어내고서
불편하게 만들어
듣고 싶은 말이 너무나 많은데도
바라지를 못하고
마음 아프게 기다려
나의 나의 나의 그대여
이름만 불러봐도 맘이 벅차요
난 더욱 더욱 더욱 크게 되어
널 가득 안고 싶고 그래요"
태연 (TAEYEON) - Rain,"텅 빈 회색 빛 거린 참 허전해
쓸쓸한 기분에 유리창을 열어
내민 두 손 위로 떨어진 빗방울
가득 고이는 그리움 나의 맘에 흘러
왠지 네가 보고픈 밤
차오르는 눈물
떠오르는 나의 맘 속
비가 오면 내리는 기억에
번지는 아픔에
흠뻑 쏟아지는 너를 보다
선명했던 그 시간에 멈춘 채
추억에 젖은 채
아름다웠던 너를 그려 in the Rain
길었던 참 눈이 부셨던 계절도
사진첩 속에 얼룩져 색이 바래질까
점점 깊어가는 이 밤
잊지 못한 약속
따뜻했던 품도 안녕
비가 오면 내리는 기억에
번지는 아픔에
흠뻑 쏟아지는 너를 보다
선명했던 그 시간에 멈춘 채
추억에 젖은 채
아름다웠던 너를 그려 in the Rain
흑백뿐인 세상 속
한줄기의 빛이 돼준 너
Rain 비가 되어 다가와
내 영혼을 환히 밝혀줘
Doo doo doo doo doo doo doo
Doo doo doo doo doo doo doo
Doo doo doo doo doo doo doo
Doo doo doo doo doo doo doo
Doo doo doo doo doo doo doo
Doo doo doo doo doo doo doo
Woo Woo Woo who who who
우산 아래 나직했던 속삭임 Woo Woo
가슴 한 켠에 퍼져 네가 들려
오늘 하루 내 안부를 묻듯이
편안한 빗소리
아련히 물든 기억 너란 빗속에
Woo Woo rain Woo
Dreaming in the Rain"
아이오아이 (I.O.I) - 소나기,"이 비가
머리 위로 쏟아지면
흠뻑 젖고 말겠죠
내 마음도
머물러줘요
아직까진 그대 없이 나 혼자
이 비를 맞기엔
아직 어리고
조금 무서워
금방 그칠 거란걸
뻔히 다 알면서도
그댈 찾네요
이제 그만
다 그칠까
이 빗물도
내 눈물도
비에 젖어 추위에
떨고 싶진 않아요
정말 언젠간
너무 차디찼던 빗물이
따뜻한 눈물이 되어
흘러내리겠죠
괜찮아요
금방 지나갈 소나기죠
그냥 스쳐
지나가는 소나기죠
그런 감정이죠
나 정말
그대를 만나
행복했던 많은 추억들을
빗물에 잃지 않아요
내리는 비가
그칠 때쯤에
그때 다시 만나요
우리 다시 웃으며
함께 있을게요
이제 그만
다 그칠까
이 빗물도
내 눈물도
비에 젖어 추위에
떨고 싶진 않아요
정말 언젠간
너무 차디찼던 빗물이
따뜻한 눈물이 되어
흘러내리겠죠
괜찮아요
금방 지나갈 소나기죠
지금은 흠뻑 젖어가고만 있죠
우산을 필 힘조차 없네요
하지만 우린 알아요
잠시만 울게요
빗물에 기대어
우리의 슬픈 눈물을
그대가 보지 못하게
우리 이제 안녕
이제 그만
다 그칠까
이 빗물도
내 눈물도
비에 젖어 추위에
떨고 싶진 않아요
정말 언젠간
너무 차디찼던 빗물이
따뜻한 눈물이 되어
흘러내리겠죠
괜찮아요
금방 지나갈 소나기죠"
태연 (TAEYEON) - 먼저 말해줘 (Farewell),"그 노래가 좋은 게
그 거리가 좋은 게 아냐 아냐
같이 듣던 노래가
함께 걷던 거리가 좋아
정말이야
첨부터 이런 못난 모습을
초라한 날 먼저 보여줄걸
먼저 말해줘 애매하게 말고
좀 더 확실하게
바보처럼 난 잘 지내란 그 말
고마웠다는 말
나 어떡해요 아무것도 몰라요
어떤 이유도 없이
혼자 걷는 사람들 나와 같을까
오늘은 절대 안기지 않아
네 얼굴만 보고 돌아설게
먼저 말해줘 애매하게 말고
좀 더 확실하게
바보처럼 난 잘 지내란 그 말
고마웠다는 말
왠지 오늘따라 많이
낯설게만 보여 네가
제발 나 알 수 있게
이해할 수 있게 해줘
맞아 사실 나 오늘 너 모르게
지켜만 보다가 오
NEED U 난 잘 지내란 그 말
고마웠다는 말
나 어떡해요 아무것도 몰라요
이젠 견딜만한데
끝인사가 아쉬워
정말 Goodbye"
김세정 - 터널,"끝이 보이질 않아 길고 허전한 길
그 길을 걷는 동안 내가 곁에 있을게
꽉 막힌 하루 끝에서 널 기다릴게
너의 발걸음에 맞춰
그 언젠가 가파른 언덕을 지나
향기로운 바람을 맞이할 거야
때론 거짓말 같은
아픔을 겪곤 하지만
너의 손을 놓지 않을게
유난히도 추웠던 겨울이
지나고 나면 더 예쁜 꽃이 필 거야
흐려지는 상처를 되돌아보며
웃으며 얘길 나누길
터널의 끝에서
나의 서툰 위로가 부담일까 걱정돼
그럴 수만 있다면 내 힘 나눠줄 텐데
낯설고 바쁜 날에도 밥 거르지 마
제일 맛있는 거 먹어
아프지 마 쉬었다 가도 괜찮아
풀지 못할 고민에 잠 못 들잖아
칠흑 같은 어둠이 번져도
걱정하지 마
작은 불빛이 되어줄게
유난히도 추웠던 겨울이
지나고 나면 더 예쁜 꽃이 필 거야
흐려지는 상처를 되돌아보며
웃으며 얘길 나누길
저 포근한 달빛은
깊은 밤이면 더 밝아질 거야
새벽을 지나 아침은 밝아와
언제라도 안아줄게
터널의 끝까지"
태연 (TAEYEON) - 비밀 (Secret),"아늑히 울려 퍼지던
피아노 선율을 타고
두 눈을 감고서
이 음악에 기대 얘길 시작해
나 이렇게
지난날들이 떠올라 Em
왜 그리 아팠던 걸까 Yeah
떠나가버린 기억과 흩어진 추억에
낯선 세상이 힘에 겨울 때
Oh then there’s you
어질러진 내 마음속의
Oh it's you
감춰왔던 비밀을 찾게 해
한참을 내 맘 깊숙이
숨겨온 소중한 이 한 마디
꺼내 말할래
Oh then there’s you
꿈이 가까워질수록
두려움이 또 날 덮어와 No No
길을 잃은 날 찾아서
그렇게 다가와 데려가 주길
기도해왔어
Oh then there’s you
어질러진 내 마음속의
Oh it's you
감춰왔던 비밀을 찾게 해
한참을 내 맘 깊숙이
숨겨온 소중한 이 한 마디
꺼내 말할래
언제부터 인지 끝도 없는 시련 속
어느새 네 눈빛이
괜찮다 내게 속삭이는데
Then there’s you
메마른 나의 세상 끝에
Oh it’s you
단비가 되어 젖어 들게 해
한참을 내 맘 깊숙이
숨겨온 소중한 이 한 마디
너를 사랑해
Oh then there’s you"
선우정아 - 생애 (LIFE),"나도 몰라 어디로 가는지
매서운 바람 아직도 부네
기다렸어 그치기를
부질없이 난 휘청이네
무섭게 치는 파도 난 지쳐가는데
가슴 속에 활짝 핀 꽃 때문에
여행은 계속된다
시간의 폭우를 뚫고
고장난 나침반이 가진 전부인
철 없는 항해
나도 몰라 어디가 아픈지
손대지 마 다칠지 몰라
날카로운 가시들은
언제쯤에야 날개가 되는지
생각해
봄은 온다
움직여
기약하며
날개를 펴
여행은 계속된다
시간의 폭우를 뚫고
고장난 나침반이 가진 전부인
철 없는 항해
나도 몰라
나도 몰라
나도 몰라
나도 몰라
나도 몰라
나도 몰라
나도 몰라"
오왠 (O.WHEN) - 깊은 밤을 보내줘요,"일곱가지 색 중에
하나를 고르라면
붉은 색을 고를테야
타오르는 불꽃 너라는 바람을 만나
음 요동쳤지 춤을 추는 듯
우우우
까맣게 타는 맘
화려한 불꽃 끝의 고요함
넌 알았을까
우우우
견디기 힘든 그리움에
깊은 밤을 겨우 보내줘요
너로 물든 색 중에
푸른 바다를 닮은
파란색도 고를테야
잔잔했던 파도 너라는 바람을 만나
음 출렁였지 춤을 추는 듯
우우우
까맣게 타는 맘
화려한 불꽃 끝의 고요함
넌 알았을까
우우우
견디기 힘든 그리움에
깊은 밤을 겨우 보내줘요
영원할 듯 타오르던
짙은 밤 불꽃은 꺼졌지만
뿌예진 연기 속에 또 불을 지펴요
우우우
하얗게 지샌 밤
별은 빛나고 우리 얘기로
가득 채운 달
우우우
살을 스치는 너란 바람
스스럼없이 불어오네"
김세정 - 화분,"나는 초록을 담은
작은 화분 하나가 필요해
아침에 일어나면
제일 먼저 나를 반겨주는
볕이 잘 드는 곳에
놓아두고 매일을 볼 거야
정성껏 대해주면
언젠가 듣게 될 것만 같아
Tell me everything to me
Your everything to me
사람들이 모르는
그늘진 마음
내게만 들리는
나를 달래주는
목소리가
나는 초록을 닮은
푸른 마음 하나가 필요해
하루를 살아내고
다시 이만큼 또 자라있는
눈에 잘 띄는 곳에
너를 두고 사랑을 줄 거야
네가 자라는 만큼
나의 맘도 채워지는 거야
Tell me everything to me
Your everything to me
사람들이 모르는
그늘진 마음
내게만 들리는
나를 달래주는 목소리
Tell me everything to me
Your everything to me
너만이 알고 있는
비밀스런 꿈
내게만 들리는
나를 달래주는
나는 초록을 담은
작은 화분 하나가 필요해"
공기남 - 별이되어,"어둠속의 깊은 영혼
길을 잃은 나의 깊은 밤
누가 나의 손을 잡아줄까
혼자인 게 익숙지 않아
아무것도 할 수가 없어
외로움이 나를 뒤덮을 때
그댄 별이 되어
어둠속을 비췄어
참 따스하게 날 비춰
그댄 별이 되어
내 전부를 안았어
떨어져가는 나를 붙잡았어
별이 되어
내 마음속에 스며들어가
별이 되어
잃어버린 날개를 달아줬어
별이 되어
어제와 다른 오늘을 살고
빛을 따라 난 이 길을 걸어간다
지쳐가는 마음속에
텅 빈 방안 쓸쓸한 공기
누가 나의 손을 잡아줄까
애써 웃음을 지어 봐도
괜스레 눈물만 흐르고
그리움이 나를 뒤덮을 때
그댄 별이 되어
어둠속을 비췄어
참 따스하게 날 비춰
그댄 별이 되어
내 전부를 안았어
떨어져가는 나를 붙잡았어
별이 되어
내 마음속에 스며들어가
별이 되어
잃어버린 날개를 달아줬어
별이 되어
어제와 다른 오늘을 살고
빛을 따라 난 이 길을 걸어간다
별이 되어
어제와 다른 오늘을 살고
빛을 따라 난 이 길을 걸어간다"
류안 - 오늘밤 잠 못 이루는 그대에게,"서늘한 바람이 창문 틈에 맺히고
긴 밤이 시작되면
저물어버린 오늘 하루에
아쉬움이 남네요
하나 둘 별을 세며 눈을 감고
이 작은 얘기들을 들어줘요
이젠 괜찮아요 오늘은 이 밤보다 더
깊은 꿈을 꿀 수 있을 거예요
따스한 아침을 줄거예요
하나 둘 별을 세며 눈을 감고
이 작은 얘기를 들어줘요
이젠 괜찮아요 오늘은 이 밤보다 더
깊은 꿈을 꿀 수 있을 거예요
따스한 아침을 줄거예요
이젠 괜찮아요 내일은 지금보다 더
그대 곁에 내가 있어 줄게요
그대를 내가 안아 줄게요
따스한 아침을 줄게요"
"옥상달빛 - 수고했어, 오늘도","세상 사람들 모두
정답을 알긴 할까
힘든 일은
왜 한번에 일어날까
나에게 실망한 하루
눈물이 보이기 싫어
의미 없이
밤 하늘만 바라봐
작게 열어둔
문틈 사이로
슬픔 보다 더 큰
외로움이 다가와 더 날
수고했어 오늘도
아무도 너의 슬픔에
관심 없대도
난 늘 응원해
수고했어 오늘도

빛이 있다고
분명 있다고
믿었던 길마저
흐릿해져 점점 더 날
수고했어 오늘도
아무도 너의 슬픔에
관심 없대도
난 늘 응원해
수고했어 수고했어
수고했어 오늘도

수고했어 오늘도
아무도 너의 슬픔에
관심 없대도
난 늘 응원해
수고했어 오늘도"
최한솔 - 그대 오늘도 잘해냈어요,"무슨 일 있나요 왜 눈물 짓나요
답답하고 속상해서 그런 건가요
참 안쓰러워서
괜히 내가 미안해요
어쩌면 오늘도 바람시리고
아무 의미 없는 하루가 지났나요
집에 가긴 싫고
그렇다고 딱히 불러낼
누군가도 생각나질 않아
그래도 오늘 그대
충분히 잘해냈어요
답답하고 막막하고
눈물 나는 하루 잘 견뎌냈어요
그대는 참으로
자랑스럽고 멋진 사람
나지막이 건네드려요
작은 소리로
그대의 마음속 깊은 그곳에
쉽사리 아물지 않는 그 상처는
속 깊은 한숨과
뚝뚝 떨어지는 눈물로
대신 말하곤 해
너무 지친 밤 별은 내리고
잠을 청해봐도
또 어스름한 새벽
역시 오늘도 또 잠들지 못해
그래도 오늘 그대
충분히 잘해냈어요
답답하고 막막하고
눈물 나는 하루 잘 견뎌냈어요
그대는 참으로
사랑스럽고 예쁜 사람
나지막이 건네드려요
그댈 위한 나의 노래를
그대 오늘도 잘해냈어요"
옥상달빛 - 직업병,"어색하지만 웃기도 하고
여유 있게 노래를 불렀어
꽤 잘 불렀죠 농담도 하고
요즘 내 얘기도 하고
얼마 전 들었던
재밌는 얘기도 했어
목이 타서 물도 한 모금 마시고
너무 말이 많았죠
이제 다시 노래 들려줄게요
아
아무도 듣지 않아
텅 빈 객석 앞에 오늘 밤도
아무도 없는 그곳에 앉아
갑자기 비가 오네요
그런 말 없었는데
하루 종일 내 모습 참 우습죠
점점 마음만 약해져요
다시 노래 들려줄게요
아
아무도 듣지 않아
텅 빈 객석 앞에 오늘 밤도
아무도 없는 그곳에서
아
아무도 듣지 않아
텅 빈 객석 앞에 오늘 밤도
아무도 없는 그곳에서
비가 멈추기를"
위수 (WISUE) - 흐르는 시간 속에 우리는 아름다워,"저 빌딩 숲은
화려하게 빛이 나고
저 하늘 위 별들은
소소하게 빛나는데
넌 어떤 사람이고 싶어
내게만 말해봐
들어줄 준비가 돼 있어
이리 와 이리 와 이리 와 이리 와
서로의 품에 안겨
아름다와 아름다와 아름다와
흐르는 시간 속에
우리는 우리는 우리는 우리는
아름다와 아름다와 아름다와
그림자 같은 내 일상에
팔을 베고 누우면
내 손목시계의 시계침이
걸어가는 소리 뿐
즐거운 고독이 뭔지
아직 잘 모르겠어
그저 너와 마주 앉아
웃고 싶어
이리 와 이리 와 이리 와 이리 와
서로의 품에 안겨
아름다와 아름다와 아름다와
흐르는 시간 속에
우리는 우리는 우리는 우리는
아름다와 아름다와 아름다와
꿈을 꾸고 싶은 밤
머릿속이 아닌
머리맡에 맴도는
꿈을 꾸고 싶은 밤
이리와 이리 와 이리 와 이리 와
꿈을 꾸고 싶은 밤
서로의 품에 안겨
아름다와 아름다와 아름다와
머릿속이 아닌
흐르는 시간 속에
우리는 우리는 우리는 우리는
머리맡에 맴도는
아름다와 아름다와 아름다와
꿈을 꾸고 싶은 밤
이리와 이리 와 이리 와 이리 와
꿈을 꾸고 싶은 밤
서로의 품에 안겨
아름다와 아름다와 아름다와
머릿속이 아닌
흐르는 시간 속에
우리는 우리는 우리는 우리는
머리맡에 맴도는
아름다와 아름다와 아름다와
꿈을 꾸고 싶은 밤
서로의 품에 안겨
흐르는 시간 속에
아름다와 아름다와 아름다와"
우수한 (OOSU:HAN) - 종이비행기,"난 대체 어디로 가는지
무엇을 위해 살아가고 있는지
어쩌나 시간은 흐르네
변해만 가네 눈 깜빡 할 사이에
곱게 접은 종이 한 장 비행기가 되어
가고 싶은 곳 훨훨 날았지
자유로웠지
고운 모래 쌓아 올려 모래성을 짓고
해맑은 얼굴로 세상을 바라보던
그 꼬마는 어디에
하얀 도화지에
수 많은 색깔이 칠해져
동전 몇 개로도
행복했던 난 이제 없잖아
곱게 접은 종이 한 장 비행기가 되어
가고 싶은 곳 훨훨 날았지
자유로웠지
고운 모래 쌓아 올려 모래성을 짓고
해맑은 얼굴로 세상을 바라보던
그 꼬마는 어디에
바래진 사진 속 우리의
잃고 싶지 않던 꿈같은 시간
그 속에 환하게 웃던 내가 있네
라라라 라라라라라라 라
라랄라 라라 라랄라라랄랄라
기쁜 일도 슬픈 일도 선명했던 그땐
매일매일이 새것 같았던 시간이었지
하루 종일 뛰어 놀고 쏘다니던 그땐
종이비행기로 세상을 누비고 싶던
꼬마는 어디에"
정예원 (YEWON) - 나의 작은 별에게,"빛을 내고 싶어 안간힘을 쓰는 밤
더 웅크려지네
모여야 하는 힘은 산산이 흩어지고
다른 별들은 비웃네
차라리 별이 아닌 어둠으로 태어나
어딜 가도 묻히기를 바라
차라리 별이 아닌 별똥별로 태어나
단 한 순간이라도 빛을 보길
반짝반짝 작은 별
아름답지만 슬픈 별
서쪽 하늘과 그 어디에서도
누군가 나의 별이
조금 못났다 해도
나 아니면 누가 안아줄까
모든 걸 놓치고도
움켜쥔 작은 별
토닥토닥 이젠 날아야지
반짝반짝 작은 별
아름답지만 슬픈 별
나의 밤하늘에 유일한 빛 하나
시리도록 환한 나의 별
넌 어디에서나 빛나고
넌 그냥 너 그대로 별인걸
난 그저 얘길 듣고 싶어
조금은 깜빡여도 괜찮아
반짝반짝 나의 별
아름다워 너 말이야
반짝반짝 빛나줘
Oh 그래 의심 말고
빛이 나는 줄도 몰랐었던 야윈 밤
너 너만 보였네
구멍 난 나의 밤은 차오를 줄 모르고
가라앉아 울고 있었네"
정해일 - 너무 행복할 땐 갑자기 슬퍼지기도 해,"깊은 밤이 지나고
새벽 4시쯤 문득 잠에서 깨어
옆에 누운 널 바라봤을 땐
우연히 창문 밖에
별이 빛나고 있었어
넌 오늘따라
왜 그리 예쁜지
나도 모르게 널
내 품에 안으면
그거 알아
너무나 행복할 땐
갑자기 슬퍼지기도 해
이 행복이 언젠가 사라질까 봐
그게 걱정이 돼서
왜 오늘따라
눈을 못 떼는지
나도 모르게
너의 볼에 입 맞추면
그거 알아
너무나 행복할 땐
갑자기 슬퍼지기도 해
이 행복이 언젠가 사라질까 봐
그게 걱정이 된단 말이야
너는 어때
너무나 좋아하면
가끔은 불안하기도 해
너무 소중한 그만큼 이런 건가 봐
널 많이 사랑해서"
109 - 별이 되지 않아도 돼,"일이 하나도 안 풀리고
속상하고 답답할 때
내가 나를 달랠 힘도 없고
공허하고 외로울 때
세상은 마음처럼
하나도 쉽지 않고
내 앞에 길이
막막해 보일 때
어제와 똑같은
반복되는 일상 속에
지친 내가 보일 때
하늘을 바라봐
어두워도 괜찮아
빛나는 별을 찾지 않아도 돼
멍하니 바라봐
아무 생각 없이
빛나는 별이 되지 않아도 돼
사람들의 위로
전혀 와닿지 않고
그냥 멋쩍게 웃어넘길 때
집에 가는 길에
고개 들 힘도 없지만
혼자 이겨내야 할 때
하늘을 바라봐
어두워도 괜찮아
빛나는 별을 찾지 않아도 돼
멍하니 바라봐
아무 생각 없이
빛나는 별이 되지 않아도 돼
하늘을 바라봐
어두워도 괜찮아
빛나는 별을 찾지 않아도 돼
멍하니 바라봐
아무 생각 없이
빛나는 별이 되지 않아도 돼
조금은 느리게 걸어가도 돼"
이하이 - 한숨,"숨을 크게 쉬어봐요
당신의 가슴 양쪽이 저리게
조금은 아파올 때까지
숨을 더 뱉어봐요
당신의 안에 남은 게 없다고
느껴질 때까지
숨이 벅차올라도 괜찮아요
아무도 그댈 탓하진 않아
가끔은 실수해도 돼
누구든 그랬으니까
괜찮다는 말
말뿐인 위로지만
누군가의 한숨
그 무거운 숨을
내가 어떻게
헤아릴 수가 있을까요
당신의 한숨
그 깊일 이해할 순 없겠지만
괜찮아요
내가 안아줄게요
숨이 벅차올라도 괜찮아요
아무도 그댈 탓하진 않아
가끔은 실수해도 돼
누구든 그랬으니까
괜찮다는 말
말뿐인 위로지만
누군가의 한숨
그 무거운 숨을
내가 어떻게
헤아릴 수가 있을까요
당신의 한숨
그 깊일 이해할 순 없겠지만
괜찮아요
내가 안아줄게요
남들 눈엔 힘 빠지는
한숨으로 보일진 몰라도
나는 알고 있죠
작은 한숨 내뱉기도 어려운
하루를 보냈단 걸
이제 다른 생각은 마요
깊이 숨을 쉬어봐요
그대로 내뱉어요
누군가의 한숨
그 무거운 숨을
내가 어떻게
헤아릴 수가 있을까요
당신의 한숨
그 깊일 이해할 순 없겠지만
괜찮아요
내가 안아줄게요
정말 수고했어요"
정승환 - 눈사람,"멀리 배웅하던 길
여전히 나는 그곳에 서서
그대가 사랑한
이 계절의 오고 감을 봅니다
아무 노력 말아요
버거울 땐 언제든
나의 이름을 잊어요
꽃잎이 번지면
당신께도 새로운 봄이 오겠죠
시간이 걸려도
그대 반드시 행복해지세요
그 다음 말은 이젠
내가 해줄 수 없어서
마음속에만 둘게요
꽃잎이 번지면
그럼에도 새로운 봄이 오겠죠
한참이 걸려도
그대 반드시 행복해지세요
끝 눈이 와요
혹시 그대 보고 있나요
슬퍼지도록 시리던
우리의 그 계절이 가요
마지막으로 날
떠올려 준다면 안 되나요
다시 한 번 더 같은 마음이고 싶어
우릴 보내기 전에
몹시 사랑한 날들
영원히 나는 이 자리에서"
오왠 (O.WHEN) - 오늘,"새벽4시 잠들지 않아
돌아갈 수 없는
시간들을 생각하곤 해
습관처럼 마음이 아려와
집으로 가는 길은
자꾸만 멀어지는데
저만치 멀어지는
찾을 수 없는 잡을 수 없는
Take it easy
나만 왜 이렇게 힘든 건가요
오늘밤이
왜 오늘의 나를 괴롭히죠
아무것도 한게 없는 하루인데
나는 왜 이렇게
눈치만 보고 있는 건지
아쉬움은 나를 찾아 다가오네
창문 밖은 벌써 따뜻한데
Take it easy
나만 왜 이렇게 힘든 건가요
오늘밤이
왜 오늘의 나를 괴롭히죠
한번만 다시 또
일어설 수 있나요 음음음
오늘도 슬픔에 잠겨
밤을 지우고 있나요
Take it easy
나만 왜 이렇게 힘든 건가요
오늘밤이
왜 오늘의 나를 괴롭히죠
Take it easy
왜 오늘의 나를 괴롭히죠"
에일리(Ailee) - 첫눈처럼 너에게 가겠다,"널 품기 전 알지 못했다
내 머문 세상 이토록 찬란한 것을
작은 숨결로 닿은 사람
겁 없이 나를 불러준 사랑
몹시도 좋았다
너를 지켜보고 설레고
우습게 질투도 했던
평범한 모든 순간들이
캄캄한 영원 그 오랜 기다림 속으로
햇살처럼 니가 내렸다
널 놓기 전 알지 못했다
내 머문 세상 이토록 쓸쓸한 것을
고운 꽃이 피고 진 이곳
다시는 없을 너라는 계절
욕심이 생겼다
너와 함께 살고 늙어가
주름진 손을 맞잡고
내 삶은 따뜻했었다고
단 한번 축복 그 짧은 마주침이 지나
빗물처럼 너는 울었다
한 번쯤은 행복하고 싶었던 바람
너까지 울게 만들었을까
모두 잊고 살아가라
내가 널 찾을 테니
니 숨결 다시 나를 부를 때
잊지 않겠다
너를 지켜보고 설레고
우습게 질투도 했던
니가 준 모든 순간들을
언젠가 만날 우리 가장 행복할 그날
첫눈처럼 내가 가겠다
첫눈처럼 내가 가겠다
너에게 내가 가겠다"
소향 - 바람의 노래,"살면서 듣게 될까
언젠가는 바람에 노래를
세월 가면 그때는 알게 될까
꽃이지는 이유를
나를 떠난 사람들과 만나게 될
또 다른 사람들
스쳐 가는 인연과 그리움은
어느 곳으로 가는가
나의 작은 지혜로는 알 수가 없네
내가 아는 건 살아가는 방법뿐이야
보다 많은 실패와 고뇌의 시간이
비켜갈 수 없다는 걸 우린 깨달았네
이제 그 해답이 사랑이라면
나는 이 세상
모든 것들을 사랑하겠네
나를 떠난 사람들과 만나게 될
또 다른 사람들
스쳐 가는 인연과 그리움은
어느 곳으로 가는가
나의 작은 지혜로는 알 수가 없네
내가 아는 건 살아가는 방법뿐이야
보다 많은 실패와 고뇌의 시간이
비켜갈 수 없다는 걸 우린 깨달았네
이제 그 해답이 사랑이라면
나는 이 세상
모든 것들을 사랑하겠네
보다 많은 실패와 고뇌의 시간이
비켜갈 수 없다는 걸 우린 깨달았네
이제 그 해답이 사랑이라면
나는 이 세상
모든 것들을 사랑하겠네
나는 이 세상
모든 것들을 사랑하겠네
이 세상 모든 것들을 사랑하겠네"
박효신 - 흩어진 나날들,"아무일 없이 흔들리듯
거리를 서성이지
우연히 널 만날 수 있을까
견딜 수가 없는 날 붙들고
울고 싶어
어두운 마음에 불을 켠 듯한
이름 하나
이젠 무너져 버린거야
힘겨운 나날들
그래 이제 우리는 스치고
지나가는
사람들처럼 그렇게 모른 채
살아가야지
아무런 상관없는 그런
사람들에겐
이별이란 없을 테니까
어두운 마음에 불을 켠
듯한 이름 하나
이젠 무너져 버린거야
힘겨운 나날들
그래 이제 우리는 스치고
지나가는
사람들처럼 그렇게 모른 채
살아가야지
아무런 상관없는 그런
사람들에겐
이별이란 없을 테니까
그래 이제 우리는 스치고
지나가는
사람들처럼 그렇게 모른 채
살아가야지
아무런 상관없는 그런
사람들에겐
이별이란 없을 테니까"
HeyJin (헤이진) - 지나갈거예요 (Feat. 쌍미),"너무 많은 생각들에
잠들 수 없을 때
떠나버리고 싶을 때
이 노래를 들어요
내가 뭘 잘못했는지
알 수가 없을 때
끝이 보이지 않을 때
이 노래를 들어요
비바람 맞고 있죠
우산도 없네요
괜찮아 내일이면 그치겠죠
조금은 춥겠지만
약해지지 말아요
지나갈거예요
길을 잃은 건 아닌지
어디쯤 온 건지
조금은 두려워질 때
이 노래를 들어요
들어요
해낼 수 있을 거라고
버티면 된다고
누가 말해주길 바랄 때
이 노래를 들어요
비바람 맞고 있죠
우산도 없네요
괜찮아 내일이면 그치겠죠
조금은 춥겠지만
약해지지 말아요
지나갈거예요
갈거예요
밤하늘의 별을 봐요
그댈 바라보고 있죠
내 맘 안다고 말해주네요
밤하늘의 달을 봐요
그댈 안아주고 있죠
내 맘 안다고 말해주네요
비바람 맞고 있죠
우산도 없네요
괜찮아 내일이면 그치겠죠
조금은 춥겠지만
약해지지 말아요
지나갈거예요"
이시은 - 나에게 쓰는 편지,"꿈을 좇던 어린 날의 아이는
저 멀리 빛나는 별처럼
되고 싶던 아이는
환한 저 빛을 향해서
날아가는 새처럼
거친 이 세상을 이긴
저기 저 나무처럼
잘할 수 있다고
잘하고 있다고
보이지 않았던
나의 작은 꿈들이
어느새 다가와
잘할 수 있다고
잘하고 있다고
가끔은 이렇게
아무렇지 않은 척
웃으며 그 날의 아이처럼
꿈을 꾼다
날아가는 새들도
뿌리 깊은 나무도
한 번 흔들림도 없이
아무 아픔 없이
단단해 질 수 없는 것처럼
잘할 수 있다고
잘하고 있다고
보이지 않았던
내 작은 꿈들이
반짝이는 별들이
닿을 듯 어느새 다가와
잘할 수 있다고
멈출 수 없어 날아올라
어릴 적 꾸던 꿈처럼
눈앞에 있는 별처럼
꿈을 좇던
어린 날의 나에게
여기 새로이 펼쳐질
세상 앞에 나에게"
안녕하신가영 - 나의 하루는 너무 길다,"긴 밤을 지나면 아침이 온다
그런데 하루가 멀다 하게
나의 하루는 너무 길다
우리의 두 눈이 뜨지 않아도 될
무거운 윙크를 하기까지
나의 하루는 너무 길다
어떤 날은 비가 내리고
또 다른 날에는 갠다
그러다 무지개를 만나
웃어 보일 수도 있겠지
나의 하루는 너무 길다
어떤 날은 비가 내리고
또 다른 날에는 갠다
그러다 무지개를 만나
웃어 보일 수도 있겠지
나의 하루는 너무 길다
나의 하루는 너무 길다"
몽니 - 소년이 어른이 되어 (Best Album Ver.),"소년이 어른이 되어
사람을 알아갈 때에
뜻하지 않던 많은 요구와
거친 입술들
소년이 어른이 되어
세상을 알아갈 때에
하얀 마음은 점점 어두워지고
잠 못 이루는 날이 많아지겠지
나의 오늘이 흘러가면
서글픈 추억들 중에
작은 조각이 되겠지
잡을 수 없는 시간들은
떨어지는 빗방울이 사라지듯
나를 스쳐가네
소년이 어른이 되어
세상을 알아갈 때에
하얀 마음은 점점 어두워지고
눈물 흘리는 날이 많아지겠지
나의 오늘이 흘러가면
서글픈 추억들 중에
작은 조각이 되겠지
잡을 수 없는 시간들은
떨어지는 빗방울이 사라지듯
나를 스쳐가네
미련한 나의 모습을
버릴 수만 있다면
나의 오늘이 흘러가면
잡을 수 없는 시간들은
떨어지는 빗방울이
사라지듯 나를 스쳐
나의 내일이 다가오면
소년의 꿈을 이뤄줄
작은 노래가 돼 줄게
잡을 수 없는 시간들은
오늘도 미련 없이 나를
남겨두고 떠나가네"
선명 - 위안,"덩그러니 방 안에 있는 나
또 그렇게 홀로 남겨져 버렸어
온종일 방 안에서 이런 생각을 해
안 좋은 일은 왜 나에게만
운이 없었네 다음엔 잘 될 거야
널 몰라봤다고 보는 눈이 없었다고
또 이런 변명거리로 위안을 삼고 있어
난 또 이리 바보 같은지
왜 이렇게 멍청한 건지 또 어리석은지
다 성공을 위한 실패라고
그치만 항상 실패뿐이라고
나더러 어떡하라고
운이 없었네 다음엔 잘 될 거야
널 몰라봤다고 보는 눈이 없었다고
또 이런 변명거리로 위안을 삼고 있어
난 또 이리 바보 같은지
왜 이렇게 멍청한 건지 또 어리석은지
다 노력하면 안 될 게 없다 해
근데 이 노력들은 언제 끝날지
나더러 어쩌란 건지
난 또 이리 바보 같은지
왜 이렇게 멍청한 건지 또 어리석은지
다 성공을 위한 연습인데
자꾸 뭔가 잃어가는 것 같아
나더러 어쩌란 말야
잘 될 거야 라는 거짓말
세상은 나 없이도 정말 잘 돌아가
정말 잘 돌아가"
